"../../../Engine/Content/EditorResources/S_Actor.ubulk" 0
"../../../Engine/Content/EditorResources/S_Actor.uasset" 1
"../../../Engine/Content/EditorResources/S_Actor.uexp" 2
"../../../Engine/Content/EditorResources/S_BoxReflectionCapture.uasset" 3
"../../../Engine/Content/EditorResources/S_BoxReflectionCapture.uexp" 4
"../../../Engine/Content/EngineResources/DefaultTexture.ubulk" 5
"../../../Engine/Content/EngineResources/DefaultTexture.uasset" 6
"../../../Engine/Content/EngineResources/DefaultTexture.uexp" 7
"../../../Engine/Content/EngineResources/DefaultTextureCube.uasset" 8
"../../../Engine/Content/EngineResources/DefaultTextureCube.uexp" 9
"../../../Engine/Content/EngineResources/DefaultVolumeTexture2D.uasset" 10
"../../../Engine/Content/EngineResources/DefaultVolumeTexture2D.uexp" 11
"../../../Engine/Content/EngineResources/DefaultVolumeTexture.uasset" 12
"../../../Engine/Content/EngineResources/DefaultVolumeTexture.uexp" 13
"../../../Engine/Content/EditorResources/S_Trigger.ubulk" 14
"../../../Engine/Content/EditorResources/S_Trigger.uasset" 15
"../../../Engine/Content/EditorResources/S_Trigger.uexp" 16
"../../../Engine/Content/EditorResources/S_TriggerBox.uasset" 17
"../../../Engine/Content/EditorResources/S_TriggerBox.uexp" 18
"../../../Engine/Content/EditorResources/S_TriggerCapsule.uasset" 19
"../../../Engine/Content/EditorResources/S_TriggerCapsule.uexp" 20
"../../../Engine/Content/EditorResources/S_TriggerSphere.uasset" 21
"../../../Engine/Content/EditorResources/S_TriggerSphere.uexp" 22
"../../../Engine/Content/EngineMeshes/Sphere.ubulk" 23
"../../../Engine/Content/EngineMeshes/Sphere.uasset" 24
"../../../Engine/Content/EngineMeshes/Sphere.uexp" 25
"../../../Engine/Content/EngineResources/GradientTexture0.uasset" 26
"../../../Engine/Content/EngineResources/GradientTexture0.uexp" 27
"../../../Engine/Content/EngineResources/Black.uasset" 28
"../../../Engine/Content/EngineResources/Black.uexp" 29
"../../../Engine/Content/VREditor/LaserPointer/VR_LaserPower_01.ubulk" 30
"../../../Engine/Content/VREditor/LaserPointer/VR_LaserPower_01.uasset" 31
"../../../Engine/Content/VREditor/LaserPointer/VR_LaserPower_01.uexp" 32
"../../../Engine/Content/VREditor/TransformGizmo/TransformGizmoMaterial.uasset" 33
"../../../Engine/Content/VREditor/TransformGizmo/TransformGizmoMaterial.uexp" 34
"../../../Engine/Content/VREditor/TransformGizmo/TranslucentTransformGizmoMaterial.uasset" 35
"../../../Engine/Content/VREditor/TransformGizmo/TranslucentTransformGizmoMaterial.uexp" 36
"../../../Engine/Content/VREditor/TransformGizmo/BoundingBoxCorner.ubulk" 37
"../../../Engine/Content/VREditor/TransformGizmo/BoundingBoxCorner.uasset" 38
"../../../Engine/Content/VREditor/TransformGizmo/BoundingBoxCorner.uexp" 39
"../../../Engine/Content/VREditor/TransformGizmo/BoundingBoxEdge.ubulk" 40
"../../../Engine/Content/VREditor/TransformGizmo/BoundingBoxEdge.uasset" 41
"../../../Engine/Content/VREditor/TransformGizmo/BoundingBoxEdge.uexp" 42
"../../../Engine/Content/VREditor/TransformGizmo/Main.uasset" 43
"../../../Engine/Content/VREditor/TransformGizmo/Main.uexp" 44
"../../../Engine/Content/VREditor/TransformGizmo/Xray.uasset" 45
"../../../Engine/Content/VREditor/TransformGizmo/Xray.uexp" 46
"../../../Engine/Content/VREditor/TransformGizmo/SM_Sequencer_Node.ubulk" 47
"../../../Engine/Content/VREditor/TransformGizmo/SM_Sequencer_Node.uasset" 48
"../../../Engine/Content/VREditor/TransformGizmo/SM_Sequencer_Node.uexp" 49
"../../../Engine/Content/EditorResources/S_Solver.ubulk" 50
"../../../Engine/Content/EditorResources/S_Solver.uasset" 51
"../../../Engine/Content/EditorResources/S_Solver.uexp" 52
"../../../Engine/Content/EditorMaterials/Camera/CineMat.uasset" 53
"../../../Engine/Content/EditorMaterials/Camera/CineMat.uexp" 54
"../../../Engine/Content/EditorMaterials/Camera/MI_CineMat_Rig.uasset" 55
"../../../Engine/Content/EditorMaterials/Camera/MI_CineMat_Rig.uexp" 56
"../../../Engine/Content/EditorMeshes/Camera/SM_CraneRig_Base.ubulk" 57
"../../../Engine/Content/EditorMeshes/Camera/SM_CraneRig_Base.uasset" 58
"../../../Engine/Content/EditorMeshes/Camera/SM_CraneRig_Base.uexp" 59
"../../../Engine/Content/EditorMeshes/Camera/SM_CraneRig_Arm.ubulk" 60
"../../../Engine/Content/EditorMeshes/Camera/SM_CraneRig_Arm.uasset" 61
"../../../Engine/Content/EditorMeshes/Camera/SM_CraneRig_Arm.uexp" 62
"../../../Engine/Content/EditorMeshes/Camera/SM_CraneRig_Mount.ubulk" 63
"../../../Engine/Content/EditorMeshes/Camera/SM_CraneRig_Mount.uasset" 64
"../../../Engine/Content/EditorMeshes/Camera/SM_CraneRig_Mount.uexp" 65
"../../../Engine/Content/EditorMeshes/Camera/SM_CraneRig_Body.ubulk" 66
"../../../Engine/Content/EditorMeshes/Camera/SM_CraneRig_Body.uasset" 67
"../../../Engine/Content/EditorMeshes/Camera/SM_CraneRig_Body.uexp" 68
"../../../Engine/Content/EditorMeshes/Camera/SM_RailRig_Track.ubulk" 69
"../../../Engine/Content/EditorMeshes/Camera/SM_RailRig_Track.uasset" 70
"../../../Engine/Content/EditorMeshes/Camera/SM_RailRig_Track.uexp" 71
"../../../Engine/Content/EditorMeshes/Camera/SM_RailRig_Mount.ubulk" 72
"../../../Engine/Content/EditorMeshes/Camera/SM_RailRig_Mount.uasset" 73
"../../../Engine/Content/EditorMeshes/Camera/SM_RailRig_Mount.uexp" 74
"../../../Engine/Content/EngineMaterials/T_Default_Material_Grid_M.ubulk" 75
"../../../Engine/Content/EngineMaterials/T_Default_Material_Grid_M.uasset" 76
"../../../Engine/Content/EngineMaterials/T_Default_Material_Grid_M.uexp" 77
"../../../Engine/Content/EngineMaterials/T_Default_Material_Grid_N.ubulk" 78
"../../../Engine/Content/EngineMaterials/T_Default_Material_Grid_N.uasset" 79
"../../../Engine/Content/EngineMaterials/T_Default_Material_Grid_N.uexp" 80
"../../../Engine/Content/Functions/Engine_MaterialFunctions01/Opacity/CameraDepthFade.uasset" 81
"../../../Engine/Content/Functions/Engine_MaterialFunctions01/Opacity/CameraDepthFade.uexp" 82
"../../../Engine/Content/EngineMaterials/WorldGridMaterial.uasset" 83
"../../../Engine/Content/EngineMaterials/WorldGridMaterial.uexp" 84
"../../../Engine/Content/ArtTools/RenderToTexture/Meshes/S_1_Unit_Plane.ubulk" 85
"../../../Engine/Content/ArtTools/RenderToTexture/Meshes/S_1_Unit_Plane.uasset" 86
"../../../Engine/Content/ArtTools/RenderToTexture/Meshes/S_1_Unit_Plane.uexp" 87
"../../../Engine/Content/EditorMaterials/ParticleSystems/PSysThumbnail_NoImage.ubulk" 88
"../../../Engine/Content/EditorMaterials/ParticleSystems/PSysThumbnail_NoImage.uasset" 89
"../../../Engine/Content/EditorMaterials/ParticleSystems/PSysThumbnail_NoImage.uexp" 90
"../../../Engine/Content/EditorMaterials/ParticleSystems/PSysThumbnail_OOD.ubulk" 91
"../../../Engine/Content/EditorMaterials/ParticleSystems/PSysThumbnail_OOD.uasset" 92
"../../../Engine/Content/EditorMaterials/ParticleSystems/PSysThumbnail_OOD.uexp" 93
"../../../Engine/Content/EditorLandscapeResources/SplineEditorMeshMat.uasset" 94
"../../../Engine/Content/EditorLandscapeResources/SplineEditorMeshMat.uexp" 95
"../../../Engine/Content/EditorLandscapeResources/SplineEditorMesh.ubulk" 96
"../../../Engine/Content/EditorLandscapeResources/SplineEditorMesh.uasset" 97
"../../../Engine/Content/EditorLandscapeResources/SplineEditorMesh.uexp" 98
"../../../Engine/Plugins/Media/MediaPlate/Content/SM_MediaPlateScreen.ubulk" 99
"../../../Engine/Plugins/Media/MediaPlate/Content/SM_MediaPlateScreen.uasset" 100
"../../../Engine/Plugins/Media/MediaPlate/Content/SM_MediaPlateScreen.uexp" 101
"../../../Engine/Content/EngineMaterials/DefaultBokeh.uasset" 102
"../../../Engine/Content/EngineMaterials/DefaultBokeh.uexp" 103
"../../../Engine/Content/EngineMaterials/MiniFont.uasset" 104
"../../../Engine/Content/EngineMaterials/MiniFont.uexp" 105
"../../../Engine/Content/EngineMaterials/WeightMapPlaceholderTexture.uasset" 106
"../../../Engine/Content/EngineMaterials/WeightMapPlaceholderTexture.uexp" 107
"../../../Engine/Content/EngineMaterials/WeightMapArrayPlaceholderTexture.uasset" 108
"../../../Engine/Content/EngineMaterials/WeightMapArrayPlaceholderTexture.uexp" 109
"../../../Engine/Content/EngineMaterials/DefaultWhiteGrid.ubulk" 110
"../../../Engine/Content/EngineMaterials/DefaultWhiteGrid.uasset" 111
"../../../Engine/Content/EngineMaterials/DefaultWhiteGrid.uexp" 112
"../../../Engine/Content/EngineMaterials/PreintegratedSkinBRDF.uasset" 113
"../../../Engine/Content/EngineMaterials/PreintegratedSkinBRDF.uexp" 114
"../../../Engine/Content/Functions/Engine_MaterialFunctions02/WorldPositionOffset/CameraOffset.uasset" 115
"../../../Engine/Content/Functions/Engine_MaterialFunctions02/WorldPositionOffset/CameraOffset.uexp" 116
"../../../Engine/Plugins/Animation/ControlRig/Content/M_Manip.uasset" 117
"../../../Engine/Plugins/Animation/ControlRig/Content/M_Manip.uexp" 118
"../../../Engine/Plugins/2D/Paper2D/Content/PlaceholderTextures/DummySpriteTexture.ubulk" 119
"../../../Engine/Plugins/2D/Paper2D/Content/PlaceholderTextures/DummySpriteTexture.uasset" 120
"../../../Engine/Plugins/2D/Paper2D/Content/PlaceholderTextures/DummySpriteTexture.uexp" 121
"../../../Engine/Plugins/2D/Paper2D/Content/DefaultSpriteMaterial.uasset" 122
"../../../Engine/Plugins/2D/Paper2D/Content/DefaultSpriteMaterial.uexp" 123
"../../../Engine/Plugins/2D/Paper2D/Content/OpaqueUnlitSpriteMaterial.uasset" 124
"../../../Engine/Plugins/2D/Paper2D/Content/OpaqueUnlitSpriteMaterial.uexp" 125
"../../../Engine/Plugins/2D/Paper2D/Content/MaskedUnlitSpriteMaterial.uasset" 126
"../../../Engine/Plugins/2D/Paper2D/Content/MaskedUnlitSpriteMaterial.uexp" 127
"../../../Engine/Plugins/2D/Paper2D/Content/DummySprite.uasset" 128
"../../../Engine/Plugins/2D/Paper2D/Content/DummySprite.uexp" 129
"../../../Engine/Plugins/2D/Paper2D/Content/DefaultPaperTerrainMaterial.uasset" 130
"../../../Engine/Plugins/2D/Paper2D/Content/DefaultPaperTerrainMaterial.uexp" 131
"../../../Engine/Plugins/Runtime/MeshModelingToolset/Content/Materials/M_DynamicMeshComponentVtxColor.uasset" 132
"../../../Engine/Plugins/Runtime/MeshModelingToolset/Content/Materials/M_DynamicMeshComponentVtxColor.uexp" 133
"../../../Engine/Plugins/Interchange/Runtime/Content/Pipelines/DefaultTexturePipeline.uasset" 134
"../../../Engine/Plugins/Interchange/Runtime/Content/Pipelines/DefaultTexturePipeline.uexp" 135
"../../../Engine/Plugins/Interchange/Runtime/Content/Pipelines/DefaultSceneLevelPipeline.uasset" 136
"../../../Engine/Plugins/Interchange/Runtime/Content/Pipelines/DefaultSceneLevelPipeline.uexp" 137
"../../../Engine/Plugins/Interchange/Runtime/Content/Pipelines/DefaultSceneAssetsPipeline.uasset" 138
"../../../Engine/Plugins/Interchange/Runtime/Content/Pipelines/DefaultSceneAssetsPipeline.uexp" 139
"../../../Engine/Plugins/Interchange/Runtime/Content/Pipelines/DefaultMaterialXPipeline.uasset" 140
"../../../Engine/Plugins/Interchange/Runtime/Content/Pipelines/DefaultMaterialXPipeline.uexp" 141
"../../../Engine/Plugins/Interchange/Runtime/Content/Pipelines/DefaultMaterialPipeline.uasset" 142
"../../../Engine/Plugins/Interchange/Runtime/Content/Pipelines/DefaultMaterialPipeline.uexp" 143
"../../../Engine/Plugins/Interchange/Runtime/Content/Pipelines/DefaultGLTFSceneAssetsPipeline.uasset" 144
"../../../Engine/Plugins/Interchange/Runtime/Content/Pipelines/DefaultGLTFSceneAssetsPipeline.uexp" 145
"../../../Engine/Plugins/Interchange/Runtime/Content/Pipelines/DefaultGLTFPipeline.uasset" 146
"../../../Engine/Plugins/Interchange/Runtime/Content/Pipelines/DefaultGLTFPipeline.uexp" 147
"../../../Engine/Plugins/Interchange/Runtime/Content/Pipelines/DefaultGLTFAssetsPipeline.uasset" 148
"../../../Engine/Plugins/Interchange/Runtime/Content/Pipelines/DefaultGLTFAssetsPipeline.uexp" 149
"../../../Engine/Plugins/Interchange/Runtime/Content/Pipelines/DefaultAssetsPipeline.uasset" 150
"../../../Engine/Plugins/Interchange/Runtime/Content/Pipelines/DefaultAssetsPipeline.uexp" 151
"../../../Engine/Plugins/Interchange/Runtime/Content/Functions/MX_UsdPreviewSurface.uasset" 152
"../../../Engine/Plugins/Interchange/Runtime/Content/Functions/MX_UsdPreviewSurface.uexp" 153
"../../../Engine/Plugins/Interchange/Runtime/Content/Functions/MX_UniformEDF.uasset" 154
"../../../Engine/Plugins/Interchange/Runtime/Content/Functions/MX_UniformEDF.uexp" 155
"../../../Engine/Plugins/Interchange/Runtime/Content/Functions/MX_TranslucentBSDF.uasset" 156
"../../../Engine/Plugins/Interchange/Runtime/Content/Functions/MX_TranslucentBSDF.uexp" 157
"../../../Engine/Plugins/Interchange/Runtime/Content/Functions/MX_ThinFilmBSDF.uasset" 158
"../../../Engine/Plugins/Interchange/Runtime/Content/Functions/MX_ThinFilmBSDF.uexp" 159
"../../../Engine/Plugins/Interchange/Runtime/Content/Functions/MX_SurfaceUnlit.uasset" 160
"../../../Engine/Plugins/Interchange/Runtime/Content/Functions/MX_SurfaceUnlit.uexp" 161
"../../../Engine/Plugins/Interchange/Runtime/Content/Functions/MX_Surface.uasset" 162
"../../../Engine/Plugins/Interchange/Runtime/Content/Functions/MX_Surface.uexp" 163
"../../../Engine/Plugins/Interchange/Runtime/Content/Functions/MX_SubsurfaceBSDF.uasset" 164
"../../../Engine/Plugins/Interchange/Runtime/Content/Functions/MX_SubsurfaceBSDF.uexp" 165
"../../../Engine/Plugins/Interchange/Runtime/Content/Functions/MX_SheenBSDF.uasset" 166
"../../../Engine/Plugins/Interchange/Runtime/Content/Functions/MX_SheenBSDF.uexp" 167
"../../../Engine/Plugins/Interchange/Runtime/Content/Functions/MX_OrenNayarBSDF.uasset" 168
"../../../Engine/Plugins/Interchange/Runtime/Content/Functions/MX_OrenNayarBSDF.uexp" 169
"../../../Engine/Content/Functions/Engine_MaterialFunctions02/Utility/CameraDirectionVector.uasset" 170
"../../../Engine/Content/Functions/Engine_MaterialFunctions02/Utility/CameraDirectionVector.uexp" 171
"../../../Engine/Content/Functions/Engine_MaterialFunctions01/Volumetrics/BeersLaw.uasset" 172
"../../../Engine/Content/Functions/Engine_MaterialFunctions01/Volumetrics/BeersLaw.uexp" 173
"../../../Engine/Content/EngineMaterials/Good64x64TilingNoiseHighFreq.uasset" 174
"../../../Engine/Content/EngineMaterials/Good64x64TilingNoiseHighFreq.uexp" 175
"../../../Engine/Content/Functions/Engine_MaterialFunctions02/Texturing/ScreenAlignedPixelToPixelUVs.uasset" 176
"../../../Engine/Content/Functions/Engine_MaterialFunctions02/Texturing/ScreenAlignedPixelToPixelUVs.uexp" 177
"../../../Engine/Plugins/Interchange/Runtime/Content/gltf/MaterialFunctions/MF_Temporal_Blur.uasset" 178
"../../../Engine/Plugins/Interchange/Runtime/Content/gltf/MaterialFunctions/MF_Temporal_Blur.uexp" 179
"../../../Engine/Plugins/Interchange/Runtime/Content/gltf/MaterialFunctions/MF_Fresnel_DS.uasset" 180
"../../../Engine/Plugins/Interchange/Runtime/Content/gltf/MaterialFunctions/MF_Fresnel_DS.uexp" 181
"../../../Engine/Content/Functions/Engine_MaterialFunctions02/Utility/BreakOutFloat3Components.uasset" 182
"../../../Engine/Content/Functions/Engine_MaterialFunctions02/Utility/BreakOutFloat3Components.uexp" 183
"../../../Engine/Plugins/Interchange/Runtime/Content/Functions/MX_Transmission.uasset" 184
"../../../Engine/Plugins/Interchange/Runtime/Content/Functions/MX_Transmission.uexp" 185
"../../../Engine/Plugins/Interchange/Runtime/Content/Functions/MF_OrenNayerView.uasset" 186
"../../../Engine/Plugins/Interchange/Runtime/Content/Functions/MF_OrenNayerView.uexp" 187
"../../../Engine/Plugins/Interchange/Runtime/Content/Functions/MF_SchlickApprox.uasset" 188
"../../../Engine/Plugins/Interchange/Runtime/Content/Functions/MF_SchlickApprox.uexp" 189
"../../../Engine/Plugins/Interchange/Runtime/Content/Utilities/New_LUT.uasset" 190
"../../../Engine/Plugins/Interchange/Runtime/Content/Utilities/New_LUT.uexp" 191
"../../../Engine/Content/Functions/Engine_MaterialFunctions03/Math/RemapValueRange.uasset" 192
"../../../Engine/Content/Functions/Engine_MaterialFunctions03/Math/RemapValueRange.uexp" 193
"../../../Engine/Plugins/Interchange/Runtime/Content/Functions/MF_Iridescence.uasset" 194
"../../../Engine/Plugins/Interchange/Runtime/Content/Functions/MF_Iridescence.uexp" 195
"../../../Engine/Plugins/Interchange/Runtime/Content/Functions/MX_StandardSurface.uasset" 196
"../../../Engine/Plugins/Interchange/Runtime/Content/Functions/MX_StandardSurface.uexp" 197
"../../../Engine/Plugins/Interchange/Runtime/Content/Functions/MX_TransmissionSurface.uasset" 198
"../../../Engine/Plugins/Interchange/Runtime/Content/Functions/MX_TransmissionSurface.uexp" 199
"../../../Engine/Plugins/Interchange/Runtime/Content/Functions/MX_OpenPBR_Translucent.uasset" 200
"../../../Engine/Plugins/Interchange/Runtime/Content/Functions/MX_OpenPBR_Translucent.uexp" 201
"../../../Engine/Plugins/Interchange/Runtime/Content/Functions/MX_OpenPBR_Opaque.uasset" 202
"../../../Engine/Plugins/Interchange/Runtime/Content/Functions/MX_OpenPBR_Opaque.uexp" 203
"../../../Engine/Plugins/Interchange/Runtime/Content/Functions/MX_MeasuredEDF.uasset" 204
"../../../Engine/Plugins/Interchange/Runtime/Content/Functions/MX_MeasuredEDF.uexp" 205
"../../../Engine/Plugins/Interchange/Runtime/Content/Functions/MX_GeneralizedSchlickBSDF.uasset" 206
"../../../Engine/Plugins/Interchange/Runtime/Content/Functions/MX_GeneralizedSchlickBSDF.uexp" 207
"../../../Engine/Plugins/Interchange/Runtime/Content/Functions/MX_DielectricBSDF.uasset" 208
"../../../Engine/Plugins/Interchange/Runtime/Content/Functions/MX_DielectricBSDF.uexp" 209
"../../../Engine/Plugins/Interchange/Runtime/Content/Functions/MX_ConicalEDF.uasset" 210
"../../../Engine/Plugins/Interchange/Runtime/Content/Functions/MX_ConicalEDF.uexp" 211
"../../../Engine/Plugins/Interchange/Runtime/Content/Functions/MX_ConductorBSDF.uasset" 212
"../../../Engine/Plugins/Interchange/Runtime/Content/Functions/MX_ConductorBSDF.uexp" 213
"../../../Engine/Plugins/Interchange/Runtime/Content/Functions/MX_BurleyDiffuseBSDF.uasset" 214
"../../../Engine/Plugins/Interchange/Runtime/Content/Functions/MX_BurleyDiffuseBSDF.uexp" 215
"../../../Engine/Plugins/Interchange/Runtime/Content/Functions/MX_AnisotropicVDF.uasset" 216
"../../../Engine/Plugins/Interchange/Runtime/Content/Functions/MX_AnisotropicVDF.uexp" 217
"../../../Engine/Plugins/Interchange/Runtime/Content/Functions/MX_AbsorptionVDF.uasset" 218
"../../../Engine/Plugins/Interchange/Runtime/Content/Functions/MX_AbsorptionVDF.uexp" 219
"../../../Engine/Plugins/Editor/SpeedTreeImporter/Content/SpeedTree9/game_wind_noise.ubulk" 220
"../../../Engine/Plugins/Editor/SpeedTreeImporter/Content/SpeedTree9/game_wind_noise.uasset" 221
"../../../Engine/Plugins/Editor/SpeedTreeImporter/Content/SpeedTree9/game_wind_noise.uexp" 222
"../../../Engine/Plugins/Editor/SpeedTreeImporter/Content/SpeedTree9/UnpackDirection.uasset" 223
"../../../Engine/Plugins/Editor/SpeedTreeImporter/Content/SpeedTree9/UnpackDirection.uexp" 224
"../../../Engine/Content/Functions/Engine_MaterialFunctions02/ObjectLocalBounds.uasset" 225
"../../../Engine/Content/Functions/Engine_MaterialFunctions02/ObjectLocalBounds.uexp" 226
"../../../Engine/Content/Functions/Engine_MaterialFunctions02/UVs/BoundingBoxBased_0-1_UVW.uasset" 227
"../../../Engine/Content/Functions/Engine_MaterialFunctions02/UVs/BoundingBoxBased_0-1_UVW.uexp" 228
"../../../Engine/Content/Functions/Engine_MaterialFunctions02/Utility/VectorLength.uasset" 229
"../../../Engine/Content/Functions/Engine_MaterialFunctions02/Utility/VectorLength.uexp" 230
"../../../Engine/Plugins/Editor/SpeedTreeImporter/Content/SpeedTree9/UnpackInteger3.uasset" 231
"../../../Engine/Plugins/Editor/SpeedTreeImporter/Content/SpeedTree9/UnpackInteger3.uexp" 232
"../../../Engine/Plugins/Editor/SpeedTreeImporter/Content/SpeedTree9/SpeedTreeCameraFacing.uasset" 233
"../../../Engine/Plugins/Editor/SpeedTreeImporter/Content/SpeedTree9/SpeedTreeCameraFacing.uexp" 234
"../../../Engine/Content/Functions/Engine_MaterialFunctions02/WorldPositionOffset/ObjectScale.uasset" 235
"../../../Engine/Content/Functions/Engine_MaterialFunctions02/WorldPositionOffset/ObjectScale.uexp" 236
"../../../Engine/Content/Functions/Engine_MaterialFunctions02/SafeNormalize.uasset" 237
"../../../Engine/Content/Functions/Engine_MaterialFunctions02/SafeNormalize.uexp" 238
"../../../Engine/Plugins/Editor/SpeedTreeImporter/Content/SpeedTree9/SpeedTreeWindMotion.uasset" 239
"../../../Engine/Plugins/Editor/SpeedTreeImporter/Content/SpeedTree9/SpeedTreeWindMotion.uexp" 240
"../../../Engine/Plugins/Editor/SpeedTreeImporter/Content/SpeedTree9/SpeedTreeBranchMotion.uasset" 241
"../../../Engine/Plugins/Editor/SpeedTreeImporter/Content/SpeedTree9/SpeedTreeBranchMotion.uexp" 242
"../../../Engine/Plugins/Editor/SpeedTreeImporter/Content/SpeedTree9/SpeedTreeWind.uasset" 243
"../../../Engine/Plugins/Editor/SpeedTreeImporter/Content/SpeedTree9/SpeedTreeWind.uexp" 244
"../../../Engine/Plugins/Editor/SpeedTreeImporter/Content/SpeedTree9/EmptyNormal.uasset" 245
"../../../Engine/Plugins/Editor/SpeedTreeImporter/Content/SpeedTree9/EmptyNormal.uexp" 246
"../../../Engine/Plugins/Editor/SpeedTreeImporter/Content/SpeedTree9/Empty.uasset" 247
"../../../Engine/Plugins/Editor/SpeedTreeImporter/Content/SpeedTree9/Empty.uexp" 248
"../../../Engine/Plugins/Editor/SpeedTreeImporter/Content/SpeedTree9/SpeedTreeMaster.uasset" 249
"../../../Engine/Plugins/Editor/SpeedTreeImporter/Content/SpeedTree9/SpeedTreeMaster.uexp" 250
"../../../Engine/Plugins/Editor/SpeedTreeImporter/Content/SpeedTree9/SpeedTreeBillboard.uasset" 251
"../../../Engine/Plugins/Editor/SpeedTreeImporter/Content/SpeedTree9/SpeedTreeBillboard.uexp" 252
"../../../Engine/Plugins/Editor/SpeedTreeImporter/Content/SpeedTree9/SpeedTreeBillboardMaster.uasset" 253
"../../../Engine/Plugins/Editor/SpeedTreeImporter/Content/SpeedTree9/SpeedTreeBillboardMaster.uexp" 254
"../../../Engine/Plugins/Animation/ControlRig/Content/Controls/DefaultGizmoLibraryNormalized.uasset" 255
"../../../Engine/Plugins/Animation/ControlRig/Content/Controls/DefaultGizmoLibraryNormalized.uexp" 256
"../../../Engine/Plugins/Animation/ControlRig/Content/Controls/ControlRig_Wedge_solid.ubulk" 257
"../../../Engine/Plugins/Animation/ControlRig/Content/Controls/ControlRig_Wedge_solid.uasset" 258
"../../../Engine/Plugins/Animation/ControlRig/Content/Controls/ControlRig_Wedge_solid.uexp" 259
"../../../Engine/Plugins/Animation/ControlRig/Content/Controls/ControlRig_Wedge_3mm.ubulk" 260
"../../../Engine/Plugins/Animation/ControlRig/Content/Controls/ControlRig_Wedge_3mm.uasset" 261
"../../../Engine/Plugins/Animation/ControlRig/Content/Controls/ControlRig_Wedge_3mm.uexp" 262
"../../../Engine/Plugins/Animation/ControlRig/Content/Controls/ControlRig_Wedge_1mm.ubulk" 263
"../../../Engine/Plugins/Animation/ControlRig/Content/Controls/ControlRig_Wedge_1mm.uasset" 264
"../../../Engine/Plugins/Animation/ControlRig/Content/Controls/ControlRig_Wedge_1mm.uexp" 265
"../../../Engine/Plugins/Animation/ControlRig/Content/Controls/ControlRig_Triangle_solid.ubulk" 266
"../../../Engine/Plugins/Animation/ControlRig/Content/Controls/ControlRig_Triangle_solid.uasset" 267
"../../../Engine/Plugins/Animation/ControlRig/Content/Controls/ControlRig_Triangle_solid.uexp" 268
"../../../Engine/Plugins/Animation/ControlRig/Content/Controls/ControlRig_Triangle_3mm.ubulk" 269
"../../../Engine/Plugins/Animation/ControlRig/Content/Controls/ControlRig_Triangle_3mm.uasset" 270
"../../../Engine/Plugins/Animation/ControlRig/Content/Controls/ControlRig_Triangle_3mm.uexp" 271
"../../../Engine/Plugins/Animation/ControlRig/Content/Controls/ControlRig_Triangle_1mm.ubulk" 272
"../../../Engine/Plugins/Animation/ControlRig/Content/Controls/ControlRig_Triangle_1mm.uasset" 273
"../../../Engine/Plugins/Animation/ControlRig/Content/Controls/ControlRig_Triangle_1mm.uexp" 274
"../../../Engine/Plugins/Animation/ControlRig/Content/Controls/ControlRig_Star4_solid.ubulk" 275
"../../../Engine/Plugins/Animation/ControlRig/Content/Controls/ControlRig_Star4_solid.uasset" 276
"../../../Engine/Plugins/Animation/ControlRig/Content/Controls/ControlRig_Star4_solid.uexp" 277
"../../../Engine/Plugins/Animation/ControlRig/Content/Controls/ControlRig_Star4_3mm.ubulk" 278
"../../../Engine/Plugins/Animation/ControlRig/Content/Controls/ControlRig_Star4_3mm.uasset" 279
"../../../Engine/Plugins/Animation/ControlRig/Content/Controls/ControlRig_Star4_3mm.uexp" 280
"../../../Engine/Plugins/Animation/ControlRig/Content/Controls/ControlRig_Star4_1mm.ubulk" 281
"../../../Engine/Plugins/Animation/ControlRig/Content/Controls/ControlRig_Star4_1mm.uasset" 282
"../../../Engine/Plugins/Animation/ControlRig/Content/Controls/ControlRig_Star4_1mm.uexp" 283
"../../../Engine/Plugins/Animation/ControlRig/Content/Controls/ControlRig_Square_solid.ubulk" 284
"../../../Engine/Plugins/Animation/ControlRig/Content/Controls/ControlRig_Square_solid.uasset" 285
"../../../Engine/Plugins/Animation/ControlRig/Content/Controls/ControlRig_Square_solid.uexp" 286
"../../../Engine/Plugins/Animation/ControlRig/Content/Controls/ControlRig_Square_3mm.ubulk" 287
"../../../Engine/Plugins/Animation/ControlRig/Content/Controls/ControlRig_Square_3mm.uasset" 288
"../../../Engine/Plugins/Animation/ControlRig/Content/Controls/ControlRig_Square_3mm.uexp" 289
"../../../Engine/Plugins/Animation/ControlRig/Content/Controls/ControlRig_Square_1mm.ubulk" 290
"../../../Engine/Plugins/Animation/ControlRig/Content/Controls/ControlRig_Square_1mm.uasset" 291
"../../../Engine/Plugins/Animation/ControlRig/Content/Controls/ControlRig_Square_1mm.uexp" 292
"../../../Engine/Plugins/Animation/ControlRig/Content/Controls/ControlRig_Sphere_solid.ubulk" 293
"../../../Engine/Plugins/Animation/ControlRig/Content/Controls/ControlRig_Sphere_solid.uasset" 294
"../../../Engine/Plugins/Animation/ControlRig/Content/Controls/ControlRig_Sphere_solid.uexp" 295
"../../../Engine/Plugins/Animation/ControlRig/Content/Controls/ControlRig_Sphere_3mm.ubulk" 296
"../../../Engine/Plugins/Animation/ControlRig/Content/Controls/ControlRig_Sphere_3mm.uasset" 297
"../../../Engine/Plugins/Animation/ControlRig/Content/Controls/ControlRig_Sphere_3mm.uexp" 298
"../../../Engine/Plugins/Animation/ControlRig/Content/Controls/ControlRig_Sphere_1mm.ubulk" 299
"../../../Engine/Plugins/Animation/ControlRig/Content/Controls/ControlRig_Sphere_1mm.uasset" 300
"../../../Engine/Plugins/Animation/ControlRig/Content/Controls/ControlRig_Sphere_1mm.uexp" 301
"../../../Engine/Plugins/Animation/ControlRig/Content/Controls/ControlRig_RoundedTriangle_solid.ubulk" 302
"../../../Engine/Plugins/Animation/ControlRig/Content/Controls/ControlRig_RoundedTriangle_solid.uasset" 303
"../../../Engine/Plugins/Animation/ControlRig/Content/Controls/ControlRig_RoundedTriangle_solid.uexp" 304
"../../../Engine/Plugins/Animation/ControlRig/Content/Controls/ControlRig_RoundedTriangle_3mm.ubulk" 305
"../../../Engine/Plugins/Animation/ControlRig/Content/Controls/ControlRig_RoundedTriangle_3mm.uasset" 306
"../../../Engine/Plugins/Animation/ControlRig/Content/Controls/ControlRig_RoundedTriangle_3mm.uexp" 307
"../../../Engine/Plugins/Animation/ControlRig/Content/Controls/ControlRig_RoundedTriangle_1mm.ubulk" 308
"../../../Engine/Plugins/Animation/ControlRig/Content/Controls/ControlRig_RoundedTriangle_1mm.uasset" 309
"../../../Engine/Plugins/Animation/ControlRig/Content/Controls/ControlRig_RoundedTriangle_1mm.uexp" 310
"../../../Engine/Plugins/Animation/ControlRig/Content/Controls/ControlRig_RoundedSquare_solid.ubulk" 311
"../../../Engine/Plugins/Animation/ControlRig/Content/Controls/ControlRig_RoundedSquare_solid.uasset" 312
"../../../Engine/Plugins/Animation/ControlRig/Content/Controls/ControlRig_RoundedSquare_solid.uexp" 313
"../../../Engine/Plugins/Animation/ControlRig/Content/Controls/ControlRig_RoundedSquare_3mm.ubulk" 314
"../../../Engine/Plugins/Animation/ControlRig/Content/Controls/ControlRig_RoundedSquare_3mm.uasset" 315
"../../../Engine/Plugins/Animation/ControlRig/Content/Controls/ControlRig_RoundedSquare_3mm.uexp" 316
"../../../Engine/Plugins/Animation/ControlRig/Content/Controls/ControlRig_RoundedSquare_1mm.ubulk" 317
"../../../Engine/Plugins/Animation/ControlRig/Content/Controls/ControlRig_RoundedSquare_1mm.uasset" 318
"../../../Engine/Plugins/Animation/ControlRig/Content/Controls/ControlRig_RoundedSquare_1mm.uexp" 319
"../../../Engine/Plugins/Animation/ControlRig/Content/Controls/ControlRig_QuarterCircle_solid.ubulk" 320
"../../../Engine/Plugins/Animation/ControlRig/Content/Controls/ControlRig_QuarterCircle_solid.uasset" 321
"../../../Engine/Plugins/Animation/ControlRig/Content/Controls/ControlRig_QuarterCircle_solid.uexp" 322
"../../../Engine/Plugins/Animation/ControlRig/Content/Controls/ControlRig_QuarterCircle_3mm.ubulk" 323
"../../../Engine/Plugins/Animation/ControlRig/Content/Controls/ControlRig_QuarterCircle_3mm.uasset" 324
"../../../Engine/Plugins/Animation/ControlRig/Content/Controls/ControlRig_QuarterCircle_3mm.uexp" 325
"../../../Engine/Plugins/Animation/ControlRig/Content/Controls/ControlRig_QuarterCircle_1mm.ubulk" 326
"../../../Engine/Plugins/Animation/ControlRig/Content/Controls/ControlRig_QuarterCircle_1mm.uasset" 327
"../../../Engine/Plugins/Animation/ControlRig/Content/Controls/ControlRig_QuarterCircle_1mm.uexp" 328
"../../../Engine/Plugins/Animation/ControlRig/Content/Controls/ControlRig_Pyramid_solid.ubulk" 329
"../../../Engine/Plugins/Animation/ControlRig/Content/Controls/ControlRig_Pyramid_solid.uasset" 330
"../../../Engine/Plugins/Animation/ControlRig/Content/Controls/ControlRig_Pyramid_solid.uexp" 331
"../../../Engine/Plugins/Animation/ControlRig/Content/Controls/ControlRig_Pyramid_3mm.ubulk" 332
"../../../Engine/Plugins/Animation/ControlRig/Content/Controls/ControlRig_Pyramid_3mm.uasset" 333
"../../../Engine/Plugins/Animation/ControlRig/Content/Controls/ControlRig_Pyramid_3mm.uexp" 334
"../../../Engine/Plugins/Animation/ControlRig/Content/Controls/ControlRig_Pyramid_1mm.ubulk" 335
"../../../Engine/Plugins/Animation/ControlRig/Content/Controls/ControlRig_Pyramid_1mm.uasset" 336
"../../../Engine/Plugins/Animation/ControlRig/Content/Controls/ControlRig_Pyramid_1mm.uexp" 337
"../../../Engine/Plugins/Animation/ControlRig/Content/Controls/ControlRig_Octagon_solid.ubulk" 338
"../../../Engine/Plugins/Animation/ControlRig/Content/Controls/ControlRig_Octagon_solid.uasset" 339
"../../../Engine/Plugins/Animation/ControlRig/Content/Controls/ControlRig_Octagon_solid.uexp" 340
"../../../Engine/Plugins/Animation/ControlRig/Content/Controls/ControlRig_Octagon_3mm.ubulk" 341
"../../../Engine/Plugins/Animation/ControlRig/Content/Controls/ControlRig_Octagon_3mm.uasset" 342
"../../../Engine/Plugins/Animation/ControlRig/Content/Controls/ControlRig_Octagon_3mm.uexp" 343
"../../../Engine/Plugins/Animation/ControlRig/Content/Controls/ControlRig_Octagon_1mm.ubulk" 344
"../../../Engine/Plugins/Animation/ControlRig/Content/Controls/ControlRig_Octagon_1mm.uasset" 345
"../../../Engine/Plugins/Animation/ControlRig/Content/Controls/ControlRig_Octagon_1mm.uexp" 346
"../../../Engine/Plugins/Animation/ControlRig/Content/Controls/ControlRig_Hexagon_solid.ubulk" 347
"../../../Engine/Plugins/Animation/ControlRig/Content/Controls/ControlRig_Hexagon_solid.uasset" 348
"../../../Engine/Plugins/Animation/ControlRig/Content/Controls/ControlRig_Hexagon_solid.uexp" 349
"../../../Engine/Plugins/Animation/ControlRig/Content/Controls/ControlRig_Hexagon_3mm.ubulk" 350
"../../../Engine/Plugins/Animation/ControlRig/Content/Controls/ControlRig_Hexagon_3mm.uasset" 351
"../../../Engine/Plugins/Animation/ControlRig/Content/Controls/ControlRig_Hexagon_3mm.uexp" 352
"../../../Engine/Plugins/Animation/ControlRig/Content/Controls/ControlRig_Hexagon_1mm.ubulk" 353
"../../../Engine/Plugins/Animation/ControlRig/Content/Controls/ControlRig_Hexagon_1mm.uasset" 354
"../../../Engine/Plugins/Animation/ControlRig/Content/Controls/ControlRig_Hexagon_1mm.uexp" 355
"../../../Engine/Plugins/Animation/ControlRig/Content/Controls/ControlRig_HalfCircle_solid.ubulk" 356
"../../../Engine/Plugins/Animation/ControlRig/Content/Controls/ControlRig_HalfCircle_solid.uasset" 357
"../../../Engine/Plugins/Animation/ControlRig/Content/Controls/ControlRig_HalfCircle_solid.uexp" 358
"../../../Engine/Plugins/Animation/ControlRig/Content/Controls/ControlRig_HalfCircle_3mm.ubulk" 359
"../../../Engine/Plugins/Animation/ControlRig/Content/Controls/ControlRig_HalfCircle_3mm.uasset" 360
"../../../Engine/Plugins/Animation/ControlRig/Content/Controls/ControlRig_HalfCircle_3mm.uexp" 361
"../../../Engine/Plugins/Animation/ControlRig/Content/Controls/ControlRig_HalfCircle_1mm.ubulk" 362
"../../../Engine/Plugins/Animation/ControlRig/Content/Controls/ControlRig_HalfCircle_1mm.uasset" 363
"../../../Engine/Plugins/Animation/ControlRig/Content/Controls/ControlRig_HalfCircle_1mm.uexp" 364
"../../../Engine/Plugins/Animation/ControlRig/Content/Controls/ControlRig_Diamond_solid.ubulk" 365
"../../../Engine/Plugins/Animation/ControlRig/Content/Controls/ControlRig_Diamond_solid.uasset" 366
"../../../Engine/Plugins/Animation/ControlRig/Content/Controls/ControlRig_Diamond_solid.uexp" 367
"../../../Engine/Plugins/Animation/ControlRig/Content/Controls/ControlRig_Diamond_3mm.ubulk" 368
"../../../Engine/Plugins/Animation/ControlRig/Content/Controls/ControlRig_Diamond_3mm.uasset" 369
"../../../Engine/Plugins/Animation/ControlRig/Content/Controls/ControlRig_Diamond_3mm.uexp" 370
"../../../Engine/Plugins/Animation/ControlRig/Content/Controls/ControlRig_Diamond_1mm.ubulk" 371
"../../../Engine/Plugins/Animation/ControlRig/Content/Controls/ControlRig_Diamond_1mm.uasset" 372
"../../../Engine/Plugins/Animation/ControlRig/Content/Controls/ControlRig_Diamond_1mm.uexp" 373
"../../../Engine/Plugins/Animation/ControlRig/Content/Controls/ControlRig_Circle_solid.ubulk" 374
"../../../Engine/Plugins/Animation/ControlRig/Content/Controls/ControlRig_Circle_solid.uasset" 375
"../../../Engine/Plugins/Animation/ControlRig/Content/Controls/ControlRig_Circle_solid.uexp" 376
"../../../Engine/Plugins/Animation/ControlRig/Content/Controls/ControlRig_Circle_3mm.ubulk" 377
"../../../Engine/Plugins/Animation/ControlRig/Content/Controls/ControlRig_Circle_3mm.uasset" 378
"../../../Engine/Plugins/Animation/ControlRig/Content/Controls/ControlRig_Circle_3mm.uexp" 379
"../../../Engine/Plugins/Animation/ControlRig/Content/Controls/ControlRig_Circle_1mm.ubulk" 380
"../../../Engine/Plugins/Animation/ControlRig/Content/Controls/ControlRig_Circle_1mm.uasset" 381
"../../../Engine/Plugins/Animation/ControlRig/Content/Controls/ControlRig_Circle_1mm.uexp" 382
"../../../Engine/Plugins/Animation/ControlRig/Content/Controls/ControlRig_Box_solid.ubulk" 383
"../../../Engine/Plugins/Animation/ControlRig/Content/Controls/ControlRig_Box_solid.uasset" 384
"../../../Engine/Plugins/Animation/ControlRig/Content/Controls/ControlRig_Box_solid.uexp" 385
"../../../Engine/Plugins/Animation/ControlRig/Content/Controls/ControlRig_Box_3mm.ubulk" 386
"../../../Engine/Plugins/Animation/ControlRig/Content/Controls/ControlRig_Box_3mm.uasset" 387
"../../../Engine/Plugins/Animation/ControlRig/Content/Controls/ControlRig_Box_3mm.uexp" 388
"../../../Engine/Plugins/Animation/ControlRig/Content/Controls/ControlRig_Box_1mm.ubulk" 389
"../../../Engine/Plugins/Animation/ControlRig/Content/Controls/ControlRig_Box_1mm.uasset" 390
"../../../Engine/Plugins/Animation/ControlRig/Content/Controls/ControlRig_Box_1mm.uexp" 391
"../../../Engine/Plugins/Animation/ControlRig/Content/Controls/ControlRig_Arrow_solid.ubulk" 392
"../../../Engine/Plugins/Animation/ControlRig/Content/Controls/ControlRig_Arrow_solid.uasset" 393
"../../../Engine/Plugins/Animation/ControlRig/Content/Controls/ControlRig_Arrow_solid.uexp" 394
"../../../Engine/Plugins/Animation/ControlRig/Content/Controls/ControlRig_Arrow_3mm.ubulk" 395
"../../../Engine/Plugins/Animation/ControlRig/Content/Controls/ControlRig_Arrow_3mm.uasset" 396
"../../../Engine/Plugins/Animation/ControlRig/Content/Controls/ControlRig_Arrow_3mm.uexp" 397
"../../../Engine/Plugins/Animation/ControlRig/Content/Controls/ControlRig_Arrow_1mm.ubulk" 398
"../../../Engine/Plugins/Animation/ControlRig/Content/Controls/ControlRig_Arrow_1mm.uasset" 399
"../../../Engine/Plugins/Animation/ControlRig/Content/Controls/ControlRig_Arrow_1mm.uexp" 400
"../../../Engine/Plugins/Animation/ControlRig/Content/Controls/ControlRig_Arrow4_solid.ubulk" 401
"../../../Engine/Plugins/Animation/ControlRig/Content/Controls/ControlRig_Arrow4_solid.uasset" 402
"../../../Engine/Plugins/Animation/ControlRig/Content/Controls/ControlRig_Arrow4_solid.uexp" 403
"../../../Engine/Plugins/Animation/ControlRig/Content/Controls/ControlRig_Arrow4_3mm.ubulk" 404
"../../../Engine/Plugins/Animation/ControlRig/Content/Controls/ControlRig_Arrow4_3mm.uasset" 405
"../../../Engine/Plugins/Animation/ControlRig/Content/Controls/ControlRig_Arrow4_3mm.uexp" 406
"../../../Engine/Plugins/Animation/ControlRig/Content/Controls/ControlRig_Arrow4_1mm.ubulk" 407
"../../../Engine/Plugins/Animation/ControlRig/Content/Controls/ControlRig_Arrow4_1mm.uasset" 408
"../../../Engine/Plugins/Animation/ControlRig/Content/Controls/ControlRig_Arrow4_1mm.uexp" 409
"../../../Engine/Plugins/Animation/ControlRig/Content/Controls/ControlRig_Arrow2_solid.ubulk" 410
"../../../Engine/Plugins/Animation/ControlRig/Content/Controls/ControlRig_Arrow2_solid.uasset" 411
"../../../Engine/Plugins/Animation/ControlRig/Content/Controls/ControlRig_Arrow2_solid.uexp" 412
"../../../Engine/Plugins/Animation/ControlRig/Content/Controls/ControlRig_Arrow2_3mm.ubulk" 413
"../../../Engine/Plugins/Animation/ControlRig/Content/Controls/ControlRig_Arrow2_3mm.uasset" 414
"../../../Engine/Plugins/Animation/ControlRig/Content/Controls/ControlRig_Arrow2_3mm.uexp" 415
"../../../Engine/Plugins/Animation/ControlRig/Content/Controls/ControlRig_Arrow2_1mm.ubulk" 416
"../../../Engine/Plugins/Animation/ControlRig/Content/Controls/ControlRig_Arrow2_1mm.uasset" 417
"../../../Engine/Plugins/Animation/ControlRig/Content/Controls/ControlRig_Arrow2_1mm.uexp" 418
"../../../Engine/Plugins/Animation/ControlRig/Content/Controls/ControlRigXRayMaterial.uasset" 419
"../../../Engine/Plugins/Animation/ControlRig/Content/Controls/ControlRigXRayMaterial.uexp" 420
"../../../Engine/Plugins/Animation/ControlRig/Content/Controls/ControlRigGizmoMaterial.uasset" 421
"../../../Engine/Plugins/Animation/ControlRig/Content/Controls/ControlRigGizmoMaterial.uexp" 422
"../../../Engine/Content/VREditor/TransformGizmo/StartRotationHandleIndicator.ubulk" 423
"../../../Engine/Content/VREditor/TransformGizmo/StartRotationHandleIndicator.uasset" 424
"../../../Engine/Content/VREditor/TransformGizmo/StartRotationHandleIndicator.uexp" 425
"../../../Engine/Content/VREditor/Sounds/UI/Drop_Item_From_ContentBrowser.ubulk" 426
"../../../Engine/Content/VREditor/Sounds/UI/Drop_Item_From_ContentBrowser.uasset" 427
"../../../Engine/Content/VREditor/Sounds/UI/Drop_Item_From_ContentBrowser.uexp" 428
"../../../Engine/Content/VREditor/TransformGizmo/PlaneTranslationHandle.ubulk" 429
"../../../Engine/Content/VREditor/TransformGizmo/PlaneTranslationHandle.uasset" 430
"../../../Engine/Content/VREditor/TransformGizmo/PlaneTranslationHandle.uexp" 431
"../../../Engine/Content/VREditor/Sounds/UI/Object_Snaps_To_Grid.ubulk" 432
"../../../Engine/Content/VREditor/Sounds/UI/Object_Snaps_To_Grid.uasset" 433
"../../../Engine/Content/VREditor/Sounds/UI/Object_Snaps_To_Grid.uexp" 434
"../../../Engine/Content/VREditor/Sounds/UI/Selection_Changes.ubulk" 435
"../../../Engine/Content/VREditor/Sounds/UI/Selection_Changes.uasset" 436
"../../../Engine/Content/VREditor/Sounds/UI/Selection_Changes.uexp" 437
"../../../Engine/Content/VREditor/Sounds/UI/Object_Snaps_To_Another_Actor.ubulk" 438
"../../../Engine/Content/VREditor/Sounds/UI/Object_Snaps_To_Another_Actor.uasset" 439
"../../../Engine/Content/VREditor/Sounds/UI/Object_Snaps_To_Another_Actor.uexp" 440
"../../../Engine/Content/VREditor/TransformGizmo/TranslucentTransformGizmoMaterial_Inst.uasset" 441
"../../../Engine/Content/VREditor/TransformGizmo/TranslucentTransformGizmoMaterial_Inst.uexp" 442
"../../../Engine/Content/VREditor/TransformGizmo/TransformGizmoFreeRotation.ubulk" 443
"../../../Engine/Content/VREditor/TransformGizmo/TransformGizmoFreeRotation.uasset" 444
"../../../Engine/Content/VREditor/TransformGizmo/TransformGizmoFreeRotation.uexp" 445
"../../../Engine/Content/VREditor/Sounds/UI/Scaling_Down.ubulk" 446
"../../../Engine/Content/VREditor/Sounds/UI/Scaling_Down.uasset" 447
"../../../Engine/Content/VREditor/Sounds/UI/Scaling_Down.uexp" 448
"../../../Engine/Content/Functions/Engine_MaterialFunctions02/Math/Transform3x3Matrix.uasset" 449
"../../../Engine/Content/Functions/Engine_MaterialFunctions02/Math/Transform3x3Matrix.uexp" 450
"../../../Engine/Content/Functions/Engine_MaterialFunctions02/SplitComponents.uasset" 451
"../../../Engine/Content/Functions/Engine_MaterialFunctions02/SplitComponents.uexp" 452
"../../../Engine/Content/Functions/Engine_MaterialFunctions02/Utility/MakeFloat3.uasset" 453
"../../../Engine/Content/Functions/Engine_MaterialFunctions02/Utility/MakeFloat3.uexp" 454
"../../../Engine/Content/VREditor/SnapGrid/SnapGridMaterial.uasset" 455
"../../../Engine/Content/VREditor/SnapGrid/SnapGridMaterial.uexp" 456
"../../../Engine/Content/VREditor/SnapGrid/SnapGridPlaneMesh.ubulk" 457
"../../../Engine/Content/VREditor/SnapGrid/SnapGridPlaneMesh.uasset" 458
"../../../Engine/Content/VREditor/SnapGrid/SnapGridPlaneMesh.uexp" 459
"../../../Engine/Content/VREditor/Sounds/UI/Scaling_Up.ubulk" 460
"../../../Engine/Content/VREditor/Sounds/UI/Scaling_Up.uasset" 461
"../../../Engine/Content/VREditor/Sounds/UI/Scaling_Up.uexp" 462
"../../../Engine/Content/VREditor/TransformGizmo/TransformGizmoMaterial_Inst.uasset" 463
"../../../Engine/Content/VREditor/TransformGizmo/TransformGizmoMaterial_Inst.uexp" 464
"../../../Engine/Content/VREditor/Sounds/UI/Gizmo_Handle_Clicked.ubulk" 465
"../../../Engine/Content/VREditor/Sounds/UI/Gizmo_Handle_Clicked.uasset" 466
"../../../Engine/Content/VREditor/Sounds/UI/Gizmo_Handle_Clicked.uexp" 467
"../../../Engine/Content/VREditor/TransformGizmo/RotationHandleQuarter.ubulk" 468
"../../../Engine/Content/VREditor/TransformGizmo/RotationHandleQuarter.uasset" 469
"../../../Engine/Content/VREditor/TransformGizmo/RotationHandleQuarter.uexp" 470
"../../../Engine/Content/VREditor/TransformGizmo/TranslateArrowHandle.ubulk" 471
"../../../Engine/Content/VREditor/TransformGizmo/TranslateArrowHandle.uasset" 472
"../../../Engine/Content/VREditor/TransformGizmo/TranslateArrowHandle.uexp" 473
"../../../Engine/Content/VREditor/TransformGizmo/RotationHandleIndicator.ubulk" 474
"../../../Engine/Content/VREditor/TransformGizmo/RotationHandleIndicator.uasset" 475
"../../../Engine/Content/VREditor/TransformGizmo/RotationHandleIndicator.uexp" 476
"../../../Engine/Content/VREditor/TransformGizmo/UniformScaleHandle.ubulk" 477
"../../../Engine/Content/VREditor/TransformGizmo/UniformScaleHandle.uasset" 478
"../../../Engine/Content/VREditor/TransformGizmo/UniformScaleHandle.uexp" 479
"../../../Engine/Content/VREditor/TransformGizmo/RotationHandleFull.ubulk" 480
"../../../Engine/Content/VREditor/TransformGizmo/RotationHandleFull.uasset" 481
"../../../Engine/Content/VREditor/TransformGizmo/RotationHandleFull.uexp" 482
"../../../Engine/Content/VREditor/Sounds/UI/Object_PickUp.ubulk" 483
"../../../Engine/Content/VREditor/Sounds/UI/Object_PickUp.uasset" 484
"../../../Engine/Content/VREditor/Sounds/UI/Object_PickUp.uexp" 485
"../../../Engine/Content/EngineSounds/Master.uasset" 486
"../../../Engine/Content/EngineSounds/Master.uexp" 487
"../../../Engine/Content/EngineResources/WhiteSquareTexture.uasset" 488
"../../../Engine/Content/EngineResources/WhiteSquareTexture.uexp" 489
"../../../Engine/Content/EngineMaterials/Widget3DPassThrough.uasset" 490
"../../../Engine/Content/EngineMaterials/Widget3DPassThrough.uexp" 491
"../../../Engine/Content/EngineMaterials/Widget3DPassThrough_Translucent.uasset" 492
"../../../Engine/Content/EngineMaterials/Widget3DPassThrough_Translucent.uexp" 493
"../../../Engine/Content/EngineMaterials/Widget3DPassThrough_Translucent_OneSided.uasset" 494
"../../../Engine/Content/EngineMaterials/Widget3DPassThrough_Translucent_OneSided.uexp" 495
"../../../Engine/Content/EngineMaterials/Widget3DPassThrough_Opaque.uasset" 496
"../../../Engine/Content/EngineMaterials/Widget3DPassThrough_Opaque.uexp" 497
"../../../Engine/Content/EngineMaterials/Widget3DPassThrough_Opaque_OneSided.uasset" 498
"../../../Engine/Content/EngineMaterials/Widget3DPassThrough_Opaque_OneSided.uexp" 499
"../../../Engine/Content/EngineMaterials/Widget3DPassThrough_Masked_OneSided.uasset" 500
"../../../Engine/Content/EngineMaterials/Widget3DPassThrough_Masked_OneSided.uexp" 501
"../../../Engine/Content/EngineMaterials/Widget3DPassThrough_Masked.uasset" 502
"../../../Engine/Content/EngineMaterials/Widget3DPassThrough_Masked.uexp" 503
"../../../Engine/Content/EngineMaterials/STBlueNoise_vec2_128x128x64.uasset" 504
"../../../Engine/Content/EngineMaterials/STBlueNoise_vec2_128x128x64.uexp" 505
"../../../Engine/Content/EngineMaterials/STBlueNoise_scalar_128x128x64.uasset" 506
"../../../Engine/Content/EngineMaterials/STBlueNoise_scalar_128x128x64.uexp" 507
"../../../Engine/Content/EngineMaterials/RemoveSurfaceMaterial.uasset" 508
"../../../Engine/Content/EngineMaterials/RemoveSurfaceMaterial.uexp" 509
"../../../Engine/Content/EngineMaterials/DefaultCalibrationGrayscale.uasset" 510
"../../../Engine/Content/EngineMaterials/DefaultCalibrationGrayscale.uexp" 511
"../../../Engine/Content/EngineMaterials/PPM_DefaultCalibrationGrayscale.uasset" 512
"../../../Engine/Content/EngineMaterials/PPM_DefaultCalibrationGrayscale.uexp" 513
"../../../Engine/Content/EngineMaterials/DefaultCalibrationColor.uasset" 514
"../../../Engine/Content/EngineMaterials/DefaultCalibrationColor.uexp" 515
"../../../Engine/Content/EngineMaterials/PPM_DefaultCalibrationColor.uasset" 516
"../../../Engine/Content/EngineMaterials/PPM_DefaultCalibrationColor.uexp" 517
"../../../Engine/Content/EngineMaterials/PhAT_JointLimitMaterial.uasset" 518
"../../../Engine/Content/EngineMaterials/PhAT_JointLimitMaterial.uexp" 519
"../../../Engine/Content/EngineMaterials/NaniteHiddenSectionMaterial.uasset" 520
"../../../Engine/Content/EngineMaterials/NaniteHiddenSectionMaterial.uexp" 521
"../../../Engine/Content/EngineMaterials/InvalidLightmapSettings.ubulk" 522
"../../../Engine/Content/EngineMaterials/InvalidLightmapSettings.uasset" 523
"../../../Engine/Content/EngineMaterials/InvalidLightmapSettings.uexp" 524
"../../../Engine/Content/EngineMaterials/M_InvalidLightmapSettings.uasset" 525
"../../../Engine/Content/EngineMaterials/M_InvalidLightmapSettings.uexp" 526
"../../../Engine/Content/EngineMaterials/GizmoMaterial.uasset" 527
"../../../Engine/Content/EngineMaterials/GizmoMaterial.uexp" 528
"../../../Engine/Content/EngineMaterials/BaseFlattenEmissiveMap_VT.uasset" 529
"../../../Engine/Content/EngineMaterials/BaseFlattenEmissiveMap_VT.uexp" 530
"../../../Engine/Content/EngineMaterials/BaseFlattenGrayscaleMap_VT.uasset" 531
"../../../Engine/Content/EngineMaterials/BaseFlattenGrayscaleMap_VT.uexp" 532
"../../../Engine/Content/EngineMaterials/BaseFlattenLinearColor_VT.uasset" 533
"../../../Engine/Content/EngineMaterials/BaseFlattenLinearColor_VT.uexp" 534
"../../../Engine/Content/EngineMaterials/Black_1x1_EXR_Texture_VT.uasset" 535
"../../../Engine/Content/EngineMaterials/Black_1x1_EXR_Texture_VT.uexp" 536
"../../../Engine/Content/EngineMaterials/BaseFlattenDiffuseMap_VT.uasset" 537
"../../../Engine/Content/EngineMaterials/BaseFlattenDiffuseMap_VT.uexp" 538
"../../../Engine/Content/EngineMaterials/BaseFlattenNormalMap_VT.uasset" 539
"../../../Engine/Content/EngineMaterials/BaseFlattenNormalMap_VT.uexp" 540
"../../../Engine/Content/EngineMaterials/FlattenMaterial_WS_Normal_VT.uasset" 541
"../../../Engine/Content/EngineMaterials/FlattenMaterial_WS_Normal_VT.uexp" 542
"../../../Engine/Content/EngineMaterials/FlattenMaterial_VT.uasset" 543
"../../../Engine/Content/EngineMaterials/FlattenMaterial_VT.uexp" 544
"../../../Engine/Content/EngineMaterials/BaseFlattenNormalMap.uasset" 545
"../../../Engine/Content/EngineMaterials/BaseFlattenNormalMap.uexp" 546
"../../../Engine/Content/EngineMaterials/BaseFlattenGrayscaleMap.uasset" 547
"../../../Engine/Content/EngineMaterials/BaseFlattenGrayscaleMap.uexp" 548
"../../../Engine/Content/EngineMaterials/BaseFlattenDiffuseMap.uasset" 549
"../../../Engine/Content/EngineMaterials/BaseFlattenDiffuseMap.uexp" 550
"../../../Engine/Content/Functions/Engine_MaterialFunctions02/PivotPainter2/Black_1x1_EXR_Texture.uasset" 551
"../../../Engine/Content/Functions/Engine_MaterialFunctions02/PivotPainter2/Black_1x1_EXR_Texture.uexp" 552
"../../../Engine/Content/EngineMaterials/BaseFlattenEmissiveMap.uasset" 553
"../../../Engine/Content/EngineMaterials/BaseFlattenEmissiveMap.uexp" 554
"../../../Engine/Content/EngineMaterials/BaseFlattenLinearColor.uasset" 555
"../../../Engine/Content/EngineMaterials/BaseFlattenLinearColor.uexp" 556
"../../../Engine/Content/EngineMaterials/FlattenMaterial.uasset" 557
"../../../Engine/Content/EngineMaterials/FlattenMaterial.uexp" 558
"../../../Engine/Content/EngineMaterials/DefaultWhiteGrid_Low.uasset" 559
"../../../Engine/Content/EngineMaterials/DefaultWhiteGrid_Low.uexp" 560
"../../../Engine/Content/EngineMaterials/EmissiveMeshMaterial.uasset" 561
"../../../Engine/Content/EngineMaterials/EmissiveMeshMaterial.uexp" 562
"../../../Engine/Content/EngineFonts/RobotoDistanceField.uasset" 563
"../../../Engine/Content/EngineFonts/RobotoDistanceField.uexp" 564
"../../../Engine/Content/EngineMaterials/DefaultTextMaterialOpaque.uasset" 565
"../../../Engine/Content/EngineMaterials/DefaultTextMaterialOpaque.uexp" 566
"../../../Engine/Content/EngineMaterials/DefaultDiffuse.ubulk" 567
"../../../Engine/Content/EngineMaterials/DefaultDiffuse.uasset" 568
"../../../Engine/Content/EngineMaterials/DefaultDiffuse.uexp" 569
"../../../Engine/Content/Functions/Engine_MaterialFunctions02/Utility/BreakOutFloat2Components.uasset" 570
"../../../Engine/Content/Functions/Engine_MaterialFunctions02/Utility/BreakOutFloat2Components.uexp" 571
"../../../Engine/Content/EngineMaterials/DefaultPostProcessMaterial.uasset" 572
"../../../Engine/Content/EngineMaterials/DefaultPostProcessMaterial.uexp" 573
"../../../Engine/Content/EngineMaterials/DefaultLightFunctionMaterial.uasset" 574
"../../../Engine/Content/EngineMaterials/DefaultLightFunctionMaterial.uexp" 575
"../../../Engine/Content/EngineMaterials/DefaultDestructiblePhysicalMaterial.uasset" 576
"../../../Engine/Content/EngineMaterials/DefaultDestructiblePhysicalMaterial.uexp" 577
"../../../Engine/Content/EngineMaterials/DefaultDeferredDecalMaterial.uasset" 578
"../../../Engine/Content/EngineMaterials/DefaultDeferredDecalMaterial.uexp" 579
"../../../Engine/Content/EngineMaterials/DefaultBloomKernel.uasset" 580
"../../../Engine/Content/EngineMaterials/DefaultBloomKernel.uexp" 581
"../../../Engine/Content/EngineFonts/Faces/RobotoLight.uexp" 582
"../../../Engine/Content/EngineFonts/Faces/RobotoLight.uasset" 583
"../../../Engine/Content/EngineFonts/Faces/RobotoLight.ufont" 584
"../../../Engine/Content/EngineFonts/Faces/RobotoBold.uexp" 585
"../../../Engine/Content/EngineFonts/Faces/RobotoBold.uasset" 586
"../../../Engine/Content/EngineFonts/Faces/RobotoBold.ufont" 587
"../../../Engine/Content/EngineFonts/Faces/RobotoRegular.uexp" 588
"../../../Engine/Content/EngineFonts/Faces/RobotoRegular.uasset" 589
"../../../Engine/Content/EngineFonts/Faces/RobotoRegular.ufont" 590
"../../../Engine/Content/EngineFonts/Faces/DroidSansFallback.uexp" 591
"../../../Engine/Content/EngineFonts/Faces/DroidSansFallback.uasset" 592
"../../../Engine/Content/EngineFonts/Faces/DroidSansFallback.ufont" 593
"../../../Engine/Content/EngineFonts/Faces/RobotoItalic.uexp" 594
"../../../Engine/Content/EngineFonts/Faces/RobotoItalic.uasset" 595
"../../../Engine/Content/EngineFonts/Faces/RobotoItalic.ufont" 596
"../../../Engine/Content/EngineFonts/Faces/RobotoBoldItalic.uexp" 597
"../../../Engine/Content/EngineFonts/Faces/RobotoBoldItalic.uasset" 598
"../../../Engine/Content/EngineFonts/Faces/RobotoBoldItalic.ufont" 599
"../../../Engine/Content/EngineFonts/Roboto.uasset" 600
"../../../Engine/Content/EngineFonts/Roboto.uexp" 601
"../../../Engine/Content/EngineFonts/Faces/DroidSansMono.uexp" 602
"../../../Engine/Content/EngineFonts/Faces/DroidSansMono.uasset" 603
"../../../Engine/Content/EngineFonts/Faces/DroidSansMono.ufont" 604
"../../../Engine/Content/EngineFonts/DroidSansMono.uasset" 605
"../../../Engine/Content/EngineFonts/DroidSansMono.uexp" 606
"../../../Engine/Content/EngineDebugMaterials/VolumeToRender.uasset" 607
"../../../Engine/Content/EngineDebugMaterials/VolumeToRender.uexp" 608
"../../../Engine/Content/EngineDebugMaterials/M_VolumeRenderSphereTracePP.uasset" 609
"../../../Engine/Content/EngineDebugMaterials/M_VolumeRenderSphereTracePP.uexp" 610
"../../../Engine/Content/EngineDebugMaterials/M_SimpleUnlitTranslucent.uasset" 611
"../../../Engine/Content/EngineDebugMaterials/M_SimpleUnlitTranslucent.uexp" 612
"../../../Engine/Content/EngineDebugMaterials/DebugMeshMaterial.uasset" 613
"../../../Engine/Content/EngineDebugMaterials/DebugMeshMaterial.uexp" 614
"../../../Engine/Content/EngineDebugMaterials/DebugEditorMaterial.uasset" 615
"../../../Engine/Content/EngineDebugMaterials/DebugEditorMaterial.uexp" 616
"../../../Engine/Content/EngineDamageTypes/DmgTypeBP_Environmental.uasset" 617
"../../../Engine/Content/EngineDamageTypes/DmgTypeBP_Environmental.uexp" 618
"../../../Engine/Content/EditorResources/S_Terrain.ubulk" 619
"../../../Engine/Content/EditorResources/S_Terrain.uasset" 620
"../../../Engine/Content/EditorResources/S_Terrain.uexp" 621
"../../../Engine/Content/EditorResources/EmptyActor.uasset" 622
"../../../Engine/Content/EditorResources/EmptyActor.uexp" 623
"../../../Engine/Content/EditorResources/BSPVertex.uasset" 624
"../../../Engine/Content/EditorResources/BSPVertex.uexp" 625
"../../../Engine/Content/EditorMaterials/PreviewShadowIndicator.ubulk" 626
"../../../Engine/Content/EditorMaterials/PreviewShadowIndicator.uasset" 627
"../../../Engine/Content/EditorMaterials/PreviewShadowIndicator.uexp" 628
"../../../Engine/Content/EditorMaterials/PreviewShadowIndicatorMaterial.uasset" 629
"../../../Engine/Content/EditorMaterials/PreviewShadowIndicatorMaterial.uexp" 630
"../../../Engine/Content/EditorMaterials/PhAT_UnselectedMaterial.uasset" 631
"../../../Engine/Content/EditorMaterials/PhAT_UnselectedMaterial.uexp" 632
"../../../Engine/Content/EditorMaterials/PhAT_NoCollisionMaterial.uasset" 633
"../../../Engine/Content/EditorMaterials/PhAT_NoCollisionMaterial.uexp" 634
"../../../Engine/Content/EditorLandscapeResources/DefaultAlphaTexture.uasset" 635
"../../../Engine/Content/EditorLandscapeResources/DefaultAlphaTexture.uexp" 636
"../../../Engine/Content/EditorLandscapeResources/DataLayer.uasset" 637
"../../../Engine/Content/EditorLandscapeResources/DataLayer.uexp" 638
"../../../Engine/Content/EngineMaterials/DefaultMaterial.uasset" 639
"../../../Engine/Content/EngineMaterials/DefaultMaterial.uexp" 640
"../../../Engine/Content/BasicShapes/Sphere.ubulk" 641
"../../../Engine/Content/BasicShapes/Sphere.uasset" 642
"../../../Engine/Content/BasicShapes/Sphere.uexp" 643
"../../../Engine/Content/BasicShapes/Plane.ubulk" 644
"../../../Engine/Content/BasicShapes/Plane.uasset" 645
"../../../Engine/Content/BasicShapes/Plane.uexp" 646
"../../../Engine/Content/BasicShapes/Cylinder.ubulk" 647
"../../../Engine/Content/BasicShapes/Cylinder.uasset" 648
"../../../Engine/Content/BasicShapes/Cylinder.uexp" 649
"../../../Engine/Content/BasicShapes/Cube.ubulk" 650
"../../../Engine/Content/BasicShapes/Cube.uasset" 651
"../../../Engine/Content/BasicShapes/Cube.uexp" 652
"../../../Engine/Content/BasicShapes/Cone.ubulk" 653
"../../../Engine/Content/BasicShapes/Cone.uasset" 654
"../../../Engine/Content/BasicShapes/Cone.uexp" 655
"../../../Engine/Content/BasicShapes/BasicShapeMaterial.uasset" 656
"../../../Engine/Content/BasicShapes/BasicShapeMaterial.uexp" 657
"../../../Engine/Content/Animation/DefaultRecorderBoneCompression.uasset" 658
"../../../Engine/Content/Animation/DefaultRecorderBoneCompression.uexp" 659
"C:/Users/palin/Documents/Unreal Projects/echoes-of-the-moon/Content/Blueprints/BPI_Interaction.uasset" 660
"C:/Users/palin/Documents/Unreal Projects/echoes-of-the-moon/Content/Blueprints/BPI_Interaction.uexp" 661
"C:/Users/palin/Documents/Unreal Projects/echoes-of-the-moon/Content/Fonts/4-star-face-font.uexp" 662
"C:/Users/palin/Documents/Unreal Projects/echoes-of-the-moon/Content/Fonts/4-star-face-font.uasset" 663
"C:/Users/palin/Documents/Unreal Projects/echoes-of-the-moon/Content/Fonts/4-star-face-font.ufont" 664
"C:/Users/palin/Documents/Unreal Projects/echoes-of-the-moon/Content/Fonts/4-star-face-font_Font.uasset" 665
"C:/Users/palin/Documents/Unreal Projects/echoes-of-the-moon/Content/Fonts/4-star-face-font_Font.uexp" 666
"C:/Users/palin/Documents/Unreal Projects/echoes-of-the-moon/Content/UI/Tasks/EQuestId.uasset" 667
"C:/Users/palin/Documents/Unreal Projects/echoes-of-the-moon/Content/UI/Tasks/EQuestId.uexp" 668
"C:/Users/palin/Documents/Unreal Projects/echoes-of-the-moon/Content/ThirdPerson/Blueprints/BP_MyGameInstance.uasset" 669
"C:/Users/palin/Documents/Unreal Projects/echoes-of-the-moon/Content/ThirdPerson/Blueprints/BP_MyGameInstance.uexp" 670
"C:/Users/palin/Documents/Unreal Projects/echoes-of-the-moon/Content/UI/Tasks/WB_Task.uasset" 671
"C:/Users/palin/Documents/Unreal Projects/echoes-of-the-moon/Content/UI/Tasks/WB_Task.uexp" 672
"C:/Users/palin/Documents/Unreal Projects/echoes-of-the-moon/Content/UI/WB_Crystals.uasset" 673
"C:/Users/palin/Documents/Unreal Projects/echoes-of-the-moon/Content/UI/WB_Crystals.uexp" 674
"C:/Users/palin/Documents/Unreal Projects/echoes-of-the-moon/Content/Blueprints/BPI_Crystals.uasset" 675
"C:/Users/palin/Documents/Unreal Projects/echoes-of-the-moon/Content/Blueprints/BPI_Crystals.uexp" 676
"C:/Users/palin/Documents/Unreal Projects/echoes-of-the-moon/Content/MiniMapTextureRenderTarget2D.uasset" 677
"C:/Users/palin/Documents/Unreal Projects/echoes-of-the-moon/Content/MiniMapTextureRenderTarget2D.uexp" 678
"C:/Users/palin/Documents/Unreal Projects/echoes-of-the-moon/Content/M_MiniMapTextureRenderTarget2D_Mat.uasset" 679
"C:/Users/palin/Documents/Unreal Projects/echoes-of-the-moon/Content/M_MiniMapTextureRenderTarget2D_Mat.uexp" 680
"C:/Users/palin/Documents/Unreal Projects/echoes-of-the-moon/Content/WB_Minimap.uasset" 681
"C:/Users/palin/Documents/Unreal Projects/echoes-of-the-moon/Content/WB_Minimap.uexp" 682
"C:/Users/palin/Documents/Unreal Projects/echoes-of-the-moon/Content/Characters/Main_Character/main_mesh_Skeleton.uasset" 683
"C:/Users/palin/Documents/Unreal Projects/echoes-of-the-moon/Content/Characters/Main_Character/main_mesh_Skeleton.uexp" 684
"../../../Engine/Plugins/Animation/ACLPlugin/Content/ACLAnimBoneCompressionSettings.uasset" 685
"../../../Engine/Plugins/Animation/ACLPlugin/Content/ACLAnimBoneCompressionSettings.uexp" 686
"../../../Engine/Content/Animation/DefaultVariableFrameStrippingSettings.uasset" 687
"../../../Engine/Content/Animation/DefaultVariableFrameStrippingSettings.uexp" 688
"C:/Users/palin/Documents/Unreal Projects/echoes-of-the-moon/Content/Sounds/Footsteps/Step3.ubulk" 689
"C:/Users/palin/Documents/Unreal Projects/echoes-of-the-moon/Content/Sounds/Footsteps/Step3.uasset" 690
"C:/Users/palin/Documents/Unreal Projects/echoes-of-the-moon/Content/Sounds/Footsteps/Step3.uexp" 691
"C:/Users/palin/Documents/Unreal Projects/echoes-of-the-moon/Content/Sounds/Footsteps/Step4.ubulk" 692
"C:/Users/palin/Documents/Unreal Projects/echoes-of-the-moon/Content/Sounds/Footsteps/Step4.uasset" 693
"C:/Users/palin/Documents/Unreal Projects/echoes-of-the-moon/Content/Sounds/Footsteps/Step4.uexp" 694
"C:/Users/palin/Documents/Unreal Projects/echoes-of-the-moon/Content/Sounds/Footsteps/Step2.ubulk" 695
"C:/Users/palin/Documents/Unreal Projects/echoes-of-the-moon/Content/Sounds/Footsteps/Step2.uasset" 696
"C:/Users/palin/Documents/Unreal Projects/echoes-of-the-moon/Content/Sounds/Footsteps/Step2.uexp" 697
"C:/Users/palin/Documents/Unreal Projects/echoes-of-the-moon/Content/Sounds/Footsteps/Step1.ubulk" 698
"C:/Users/palin/Documents/Unreal Projects/echoes-of-the-moon/Content/Sounds/Footsteps/Step1.uasset" 699
"C:/Users/palin/Documents/Unreal Projects/echoes-of-the-moon/Content/Sounds/Footsteps/Step1.uexp" 700
"C:/Users/palin/Documents/Unreal Projects/echoes-of-the-moon/Content/Sounds/Footsteps/Step5.ubulk" 701
"C:/Users/palin/Documents/Unreal Projects/echoes-of-the-moon/Content/Sounds/Footsteps/Step5.uasset" 702
"C:/Users/palin/Documents/Unreal Projects/echoes-of-the-moon/Content/Sounds/Footsteps/Step5.uexp" 703
"C:/Users/palin/Documents/Unreal Projects/echoes-of-the-moon/Content/Sounds/Footsteps/Footstep_Cue.uasset" 704
"C:/Users/palin/Documents/Unreal Projects/echoes-of-the-moon/Content/Sounds/Footsteps/Footstep_Cue.uexp" 705
"../../../Engine/Plugins/Animation/ACLPlugin/Content/ACLAnimCurveCompressionSettings.uasset" 706
"../../../Engine/Plugins/Animation/ACLPlugin/Content/ACLAnimCurveCompressionSettings.uexp" 707
"C:/Users/palin/Documents/Unreal Projects/echoes-of-the-moon/Content/Characters/Main_Character/mc_jump2_mixamo_com.uasset" 708
"C:/Users/palin/Documents/Unreal Projects/echoes-of-the-moon/Content/Characters/Main_Character/mc_jump2_mixamo_com.uexp" 709
"C:/Users/palin/Documents/Unreal Projects/echoes-of-the-moon/Content/Characters/Main_Character/mc_running_2_Anim_mixamo_com.uasset" 710
"C:/Users/palin/Documents/Unreal Projects/echoes-of-the-moon/Content/Characters/Main_Character/mc_running_2_Anim_mixamo_com.uexp" 711
"C:/Users/palin/Documents/Unreal Projects/echoes-of-the-moon/Content/Characters/Main_Character/mc_standing_anim_Anim_mixamo_com.uasset" 712
"C:/Users/palin/Documents/Unreal Projects/echoes-of-the-moon/Content/Characters/Main_Character/mc_standing_anim_Anim_mixamo_com.uexp" 713
"C:/Users/palin/Documents/Unreal Projects/echoes-of-the-moon/Content/Characters/Main_Character/Main_BlendSpace1D.uasset" 714
"C:/Users/palin/Documents/Unreal Projects/echoes-of-the-moon/Content/Characters/Main_Character/Main_BlendSpace1D.uexp" 715
"C:/Users/palin/Documents/Unreal Projects/echoes-of-the-moon/Content/Characters/Main_Character/ABP_Main.uasset" 716
"C:/Users/palin/Documents/Unreal Projects/echoes-of-the-moon/Content/Characters/Main_Character/ABP_Main.uexp" 717
"../../../Engine/Plugins/2D/Paper2D/Content/TranslucentUnlitSpriteMaterial.uasset" 718
"../../../Engine/Plugins/2D/Paper2D/Content/TranslucentUnlitSpriteMaterial.uexp" 719
"C:/Users/palin/Documents/Unreal Projects/echoes-of-the-moon/Content/ThirdPerson/Blueprints/main.ubulk" 720
"C:/Users/palin/Documents/Unreal Projects/echoes-of-the-moon/Content/ThirdPerson/Blueprints/main.uasset" 721
"C:/Users/palin/Documents/Unreal Projects/echoes-of-the-moon/Content/ThirdPerson/Blueprints/main.uexp" 722
"C:/Users/palin/Documents/Unreal Projects/echoes-of-the-moon/Content/ThirdPerson/Blueprints/main_Sprite.uasset" 723
"C:/Users/palin/Documents/Unreal Projects/echoes-of-the-moon/Content/ThirdPerson/Blueprints/main_Sprite.uexp" 724
"C:/Users/palin/Documents/Unreal Projects/echoes-of-the-moon/Content/assets/characters/hlavny_character/mc_alfa_tex2.ubulk" 725
"C:/Users/palin/Documents/Unreal Projects/echoes-of-the-moon/Content/assets/characters/hlavny_character/mc_alfa_tex2.uasset" 726
"C:/Users/palin/Documents/Unreal Projects/echoes-of-the-moon/Content/assets/characters/hlavny_character/mc_alfa_tex2.uexp" 727
"C:/Users/palin/Documents/Unreal Projects/echoes-of-the-moon/Content/assets/characters/hlavny_character/mc_albedo_tex.ubulk" 728
"C:/Users/palin/Documents/Unreal Projects/echoes-of-the-moon/Content/assets/characters/hlavny_character/mc_albedo_tex.uasset" 729
"C:/Users/palin/Documents/Unreal Projects/echoes-of-the-moon/Content/assets/characters/hlavny_character/mc_albedo_tex.uexp" 730
"C:/Users/palin/Documents/Unreal Projects/echoes-of-the-moon/Content/Characters/Main_Character/Material_001.uasset" 731
"C:/Users/palin/Documents/Unreal Projects/echoes-of-the-moon/Content/Characters/Main_Character/Material_001.uexp" 732
"C:/Users/palin/Documents/Unreal Projects/echoes-of-the-moon/Content/ThirdPerson/Input/Actions/IA_Jump.uasset" 733
"C:/Users/palin/Documents/Unreal Projects/echoes-of-the-moon/Content/ThirdPerson/Input/Actions/IA_Jump.uexp" 734
"C:/Users/palin/Documents/Unreal Projects/echoes-of-the-moon/Content/UI/Tasks/IA_ShowTasks.uasset" 735
"C:/Users/palin/Documents/Unreal Projects/echoes-of-the-moon/Content/UI/Tasks/IA_ShowTasks.uexp" 736
"C:/Users/palin/Documents/Unreal Projects/echoes-of-the-moon/Content/ThirdPerson/Input/Actions/IA_Look.uasset" 737
"C:/Users/palin/Documents/Unreal Projects/echoes-of-the-moon/Content/ThirdPerson/Input/Actions/IA_Look.uexp" 738
"C:/Users/palin/Documents/Unreal Projects/echoes-of-the-moon/Content/ThirdPerson/Input/Actions/IA_Move.uasset" 739
"C:/Users/palin/Documents/Unreal Projects/echoes-of-the-moon/Content/ThirdPerson/Input/Actions/IA_Move.uexp" 740
"C:/Users/palin/Documents/Unreal Projects/echoes-of-the-moon/Content/ThirdPerson/Input/Actions/IA_Pause.uasset" 741
"C:/Users/palin/Documents/Unreal Projects/echoes-of-the-moon/Content/ThirdPerson/Input/Actions/IA_Pause.uexp" 742
"C:/Users/palin/Documents/Unreal Projects/echoes-of-the-moon/Content/ThirdPerson/Input/IMC_Default.uasset" 743
"C:/Users/palin/Documents/Unreal Projects/echoes-of-the-moon/Content/ThirdPerson/Input/IMC_Default.uexp" 744
"C:/Users/palin/Documents/Unreal Projects/echoes-of-the-moon/Content/Inventory/Blueprints/S_Itemstructure.uasset" 745
"C:/Users/palin/Documents/Unreal Projects/echoes-of-the-moon/Content/Inventory/Blueprints/S_Itemstructure.uexp" 746
"C:/Users/palin/Documents/Unreal Projects/echoes-of-the-moon/Content/Inventory/Blueprints/BP_Item.uasset" 747
"C:/Users/palin/Documents/Unreal Projects/echoes-of-the-moon/Content/Inventory/Blueprints/BP_Item.uexp" 748
"C:/Users/palin/Documents/Unreal Projects/echoes-of-the-moon/Content/Inventory/Widgets/WB_Slot.uasset" 749
"C:/Users/palin/Documents/Unreal Projects/echoes-of-the-moon/Content/Inventory/Widgets/WB_Slot.uexp" 750
"C:/Users/palin/Documents/Unreal Projects/echoes-of-the-moon/Content/Inventory/Widgets/WB_Inventory.uasset" 751
"C:/Users/palin/Documents/Unreal Projects/echoes-of-the-moon/Content/Inventory/Widgets/WB_Inventory.uexp" 752
"C:/Users/palin/Documents/Unreal Projects/echoes-of-the-moon/Content/ThirdPerson/Blueprints/BP_Inventorycomponent.uasset" 753
"C:/Users/palin/Documents/Unreal Projects/echoes-of-the-moon/Content/ThirdPerson/Blueprints/BP_Inventorycomponent.uexp" 754
"C:/Users/palin/Documents/Unreal Projects/echoes-of-the-moon/Content/Characters/Mannequins/Materials/Functions/ChromaticCurve.uasset" 755
"C:/Users/palin/Documents/Unreal Projects/echoes-of-the-moon/Content/Characters/Mannequins/Materials/Functions/ChromaticCurve.uexp" 756
"C:/Users/palin/Documents/Unreal Projects/echoes-of-the-moon/Content/Characters/Mannequins/Materials/Functions/CA_Mannequin.uasset" 757
"C:/Users/palin/Documents/Unreal Projects/echoes-of-the-moon/Content/Characters/Mannequins/Materials/Functions/CA_Mannequin.uexp" 758
"C:/Users/palin/Documents/Unreal Projects/echoes-of-the-moon/Content/Interaction_promt/UI_HUD.uasset" 759
"C:/Users/palin/Documents/Unreal Projects/echoes-of-the-moon/Content/Interaction_promt/UI_HUD.uexp" 760
"C:/Users/palin/Documents/Unreal Projects/echoes-of-the-moon/Content/Interaction_promt/M_Outline.uasset" 761
"C:/Users/palin/Documents/Unreal Projects/echoes-of-the-moon/Content/Interaction_promt/M_Outline.uexp" 762
"C:/Users/palin/Documents/Unreal Projects/echoes-of-the-moon/Content/Fantastic_Village_Pack/textures/T_wood_05_BC.ubulk" 763
"C:/Users/palin/Documents/Unreal Projects/echoes-of-the-moon/Content/Fantastic_Village_Pack/textures/T_wood_05_BC.uasset" 764
"C:/Users/palin/Documents/Unreal Projects/echoes-of-the-moon/Content/Fantastic_Village_Pack/textures/T_wood_05_BC.uexp" 765
"../../../Engine/Content/Functions/Engine_MaterialFunctions01/Texturing/FlattenNormal.uasset" 766
"../../../Engine/Content/Functions/Engine_MaterialFunctions01/Texturing/FlattenNormal.uexp" 767
"C:/Users/palin/Documents/Unreal Projects/echoes-of-the-moon/Content/Fantastic_Village_Pack/textures/T_ENV_TERRAIN_gravel_BC.ubulk" 768
"C:/Users/palin/Documents/Unreal Projects/echoes-of-the-moon/Content/Fantastic_Village_Pack/textures/T_ENV_TERRAIN_gravel_BC.uasset" 769
"C:/Users/palin/Documents/Unreal Projects/echoes-of-the-moon/Content/Fantastic_Village_Pack/textures/T_ENV_TERRAIN_gravel_BC.uexp" 770
"C:/Users/palin/Documents/Unreal Projects/echoes-of-the-moon/Content/Fantastic_Village_Pack/textures/T_ENV_TERRAIN_gravel_N.ubulk" 771
"C:/Users/palin/Documents/Unreal Projects/echoes-of-the-moon/Content/Fantastic_Village_Pack/textures/T_ENV_TERRAIN_gravel_N.uasset" 772
"C:/Users/palin/Documents/Unreal Projects/echoes-of-the-moon/Content/Fantastic_Village_Pack/textures/T_ENV_TERRAIN_gravel_N.uexp" 773
"C:/Users/palin/Documents/Unreal Projects/echoes-of-the-moon/Content/Fantastic_Village_Pack/materials/master_materials/M_Master_opaque_normal.uasset" 774
"C:/Users/palin/Documents/Unreal Projects/echoes-of-the-moon/Content/Fantastic_Village_Pack/materials/master_materials/M_Master_opaque_normal.uexp" 775
"C:/Users/palin/Documents/Unreal Projects/echoes-of-the-moon/Content/Fantastic_Village_Pack/textures/T_wood_05_N.ubulk" 776
"C:/Users/palin/Documents/Unreal Projects/echoes-of-the-moon/Content/Fantastic_Village_Pack/textures/T_wood_05_N.uasset" 777
"C:/Users/palin/Documents/Unreal Projects/echoes-of-the-moon/Content/Fantastic_Village_Pack/textures/T_wood_05_N.uexp" 778
"C:/Users/palin/Documents/Unreal Projects/echoes-of-the-moon/Content/Fantastic_Village_Pack/materials/MI_wood_05.uasset" 779
"C:/Users/palin/Documents/Unreal Projects/echoes-of-the-moon/Content/Fantastic_Village_Pack/materials/MI_wood_05.uexp" 780
"C:/Users/palin/Documents/Unreal Projects/echoes-of-the-moon/Content/Fantastic_Village_Pack/textures/T_wood_06_N.ubulk" 781
"C:/Users/palin/Documents/Unreal Projects/echoes-of-the-moon/Content/Fantastic_Village_Pack/textures/T_wood_06_N.uasset" 782
"C:/Users/palin/Documents/Unreal Projects/echoes-of-the-moon/Content/Fantastic_Village_Pack/textures/T_wood_06_N.uexp" 783
"C:/Users/palin/Documents/Unreal Projects/echoes-of-the-moon/Content/Fantastic_Village_Pack/textures/T_wood_06_BC.ubulk" 784
"C:/Users/palin/Documents/Unreal Projects/echoes-of-the-moon/Content/Fantastic_Village_Pack/textures/T_wood_06_BC.uasset" 785
"C:/Users/palin/Documents/Unreal Projects/echoes-of-the-moon/Content/Fantastic_Village_Pack/textures/T_wood_06_BC.uexp" 786
"C:/Users/palin/Documents/Unreal Projects/echoes-of-the-moon/Content/Fantastic_Village_Pack/materials/MI_wood_06.uasset" 787
"C:/Users/palin/Documents/Unreal Projects/echoes-of-the-moon/Content/Fantastic_Village_Pack/materials/MI_wood_06.uexp" 788
"C:/Users/palin/Documents/Unreal Projects/echoes-of-the-moon/Content/Fantastic_Village_Pack/textures/T_wall_02_BC.ubulk" 789
"C:/Users/palin/Documents/Unreal Projects/echoes-of-the-moon/Content/Fantastic_Village_Pack/textures/T_wall_02_BC.uasset" 790
"C:/Users/palin/Documents/Unreal Projects/echoes-of-the-moon/Content/Fantastic_Village_Pack/textures/T_wall_02_BC.uexp" 791
"C:/Users/palin/Documents/Unreal Projects/echoes-of-the-moon/Content/Fantastic_Village_Pack/textures/T_wall_02_N.ubulk" 792
"C:/Users/palin/Documents/Unreal Projects/echoes-of-the-moon/Content/Fantastic_Village_Pack/textures/T_wall_02_N.uasset" 793
"C:/Users/palin/Documents/Unreal Projects/echoes-of-the-moon/Content/Fantastic_Village_Pack/textures/T_wall_02_N.uexp" 794
"C:/Users/palin/Documents/Unreal Projects/echoes-of-the-moon/Content/Fantastic_Village_Pack/materials/MI_wall_02.uasset" 795
"C:/Users/palin/Documents/Unreal Projects/echoes-of-the-moon/Content/Fantastic_Village_Pack/materials/MI_wall_02.uexp" 796
"C:/Users/palin/Documents/Unreal Projects/echoes-of-the-moon/Content/Fantastic_Village_Pack/textures/T_metal_01_BC.ubulk" 797
"C:/Users/palin/Documents/Unreal Projects/echoes-of-the-moon/Content/Fantastic_Village_Pack/textures/T_metal_01_BC.uasset" 798
"C:/Users/palin/Documents/Unreal Projects/echoes-of-the-moon/Content/Fantastic_Village_Pack/textures/T_metal_01_BC.uexp" 799
"C:/Users/palin/Documents/Unreal Projects/echoes-of-the-moon/Content/Fantastic_Village_Pack/textures/T_metal_01_N.ubulk" 800
"C:/Users/palin/Documents/Unreal Projects/echoes-of-the-moon/Content/Fantastic_Village_Pack/textures/T_metal_01_N.uasset" 801
"C:/Users/palin/Documents/Unreal Projects/echoes-of-the-moon/Content/Fantastic_Village_Pack/textures/T_metal_01_N.uexp" 802
"C:/Users/palin/Documents/Unreal Projects/echoes-of-the-moon/Content/Fantastic_Village_Pack/materials/MI_metal_01.uasset" 803
"C:/Users/palin/Documents/Unreal Projects/echoes-of-the-moon/Content/Fantastic_Village_Pack/materials/MI_metal_01.uexp" 804
"C:/Users/palin/Documents/Unreal Projects/echoes-of-the-moon/Content/Fantastic_Village_Pack/meshes/buildings/SM_BLD_door_v03_01.ubulk" 805
"C:/Users/palin/Documents/Unreal Projects/echoes-of-the-moon/Content/Fantastic_Village_Pack/meshes/buildings/SM_BLD_door_v03_01.uasset" 806
"C:/Users/palin/Documents/Unreal Projects/echoes-of-the-moon/Content/Fantastic_Village_Pack/meshes/buildings/SM_BLD_door_v03_01.uexp" 807
"C:/Users/palin/Documents/Unreal Projects/echoes-of-the-moon/Content/Interaction_promt/UI_Interact.uasset" 808
"C:/Users/palin/Documents/Unreal Projects/echoes-of-the-moon/Content/Interaction_promt/UI_Interact.uexp" 809
"C:/Users/palin/Documents/Unreal Projects/echoes-of-the-moon/Content/Interaction_promt/BP_MasterItem.uasset" 810
"C:/Users/palin/Documents/Unreal Projects/echoes-of-the-moon/Content/Interaction_promt/BP_MasterItem.uexp" 811
"../../../Engine/Content/EditorSounds/GamePreview/EjectFromPlayer.ubulk" 812
"../../../Engine/Content/EditorSounds/GamePreview/EjectFromPlayer.uasset" 813
"../../../Engine/Content/EditorSounds/GamePreview/EjectFromPlayer.uexp" 814
"../../../Engine/Content/EditorSounds/GamePreview/EjectFromPlayer_Cue.uasset" 815
"../../../Engine/Content/EditorSounds/GamePreview/EjectFromPlayer_Cue.uexp" 816
"C:/Users/palin/Documents/Unreal Projects/echoes-of-the-moon/Content/Characters/Main_Character/main_mesh_PhysicsAsset.uasset" 817
"C:/Users/palin/Documents/Unreal Projects/echoes-of-the-moon/Content/Characters/Main_Character/main_mesh_PhysicsAsset.uexp" 818
"C:/Users/palin/Documents/Unreal Projects/echoes-of-the-moon/Content/Characters/Main_Character/main_mesh.uasset" 819
"C:/Users/palin/Documents/Unreal Projects/echoes-of-the-moon/Content/Characters/Main_Character/main_mesh.uexp" 820
"C:/Users/palin/Documents/Unreal Projects/echoes-of-the-moon/Content/images/R.uasset" 821
"C:/Users/palin/Documents/Unreal Projects/echoes-of-the-moon/Content/images/R.uexp" 822
"C:/Users/palin/Documents/Unreal Projects/echoes-of-the-moon/Content/Fonts/my-moms-font1.uexp" 823
"C:/Users/palin/Documents/Unreal Projects/echoes-of-the-moon/Content/Fonts/my-moms-font1.uasset" 824
"C:/Users/palin/Documents/Unreal Projects/echoes-of-the-moon/Content/Fonts/my-moms-font1.ufont" 825
"C:/Users/palin/Documents/Unreal Projects/echoes-of-the-moon/Content/Fonts/my-moms-font1_Font.uasset" 826
"C:/Users/palin/Documents/Unreal Projects/echoes-of-the-moon/Content/Fonts/my-moms-font1_Font.uexp" 827
"../../../Engine/Content/VREditor/Sounds/UI/Flashlight_Switch.ubulk" 828
"../../../Engine/Content/VREditor/Sounds/UI/Flashlight_Switch.uasset" 829
"../../../Engine/Content/VREditor/Sounds/UI/Flashlight_Switch.uexp" 830
"C:/Users/palin/Documents/Unreal Projects/echoes-of-the-moon/Content/UI/WB_InstructionsForPause.uasset" 831
"C:/Users/palin/Documents/Unreal Projects/echoes-of-the-moon/Content/UI/WB_InstructionsForPause.uexp" 832
"C:/Users/palin/Documents/Unreal Projects/echoes-of-the-moon/Content/UI/WB_OptionsMenuForPause.uasset" 833
"C:/Users/palin/Documents/Unreal Projects/echoes-of-the-moon/Content/UI/WB_OptionsMenuForPause.uexp" 834
"C:/Users/palin/Documents/Unreal Projects/echoes-of-the-moon/Content/UI/WB_PauseMenu.uasset" 835
"C:/Users/palin/Documents/Unreal Projects/echoes-of-the-moon/Content/UI/WB_PauseMenu.uexp" 836
"C:/Users/palin/Documents/Unreal Projects/echoes-of-the-moon/Content/ThirdPerson/Blueprints/BP_ThirdPersonCharacter.uasset" 837
"C:/Users/palin/Documents/Unreal Projects/echoes-of-the-moon/Content/ThirdPerson/Blueprints/BP_ThirdPersonCharacter.uexp" 838
"C:/Users/palin/Documents/Unreal Projects/echoes-of-the-moon/Content/UI/WB_EndOfTheGame.uasset" 839
"C:/Users/palin/Documents/Unreal Projects/echoes-of-the-moon/Content/UI/WB_EndOfTheGame.uexp" 840
"C:/Users/palin/Documents/Unreal Projects/echoes-of-the-moon/Content/ThirdPerson/Blueprints/BP_PlayerController.uasset" 841
"C:/Users/palin/Documents/Unreal Projects/echoes-of-the-moon/Content/ThirdPerson/Blueprints/BP_PlayerController.uexp" 842
"C:/Users/palin/Documents/Unreal Projects/echoes-of-the-moon/Content/ThirdPerson/Blueprints/BP_ThirdPersonGameMode.uasset" 843
"C:/Users/palin/Documents/Unreal Projects/echoes-of-the-moon/Content/ThirdPerson/Blueprints/BP_ThirdPersonGameMode.uexp" 844
"../../../Engine/Plugins/Interchange/Runtime/Content/gltf/MaterialFunctions/MF_RotateV2.uasset" 845
"../../../Engine/Plugins/Interchange/Runtime/Content/gltf/MaterialFunctions/MF_RotateV2.uexp" 846
"../../../Engine/Plugins/Interchange/Runtime/Content/gltf/MaterialFunctions/MF_TransformUVs.uasset" 847
"../../../Engine/Plugins/Interchange/Runtime/Content/gltf/MaterialFunctions/MF_TransformUVs.uexp" 848
"../../../Engine/Plugins/Interchange/Runtime/Content/gltf/Textures/T_White_srgb.uasset" 849
"../../../Engine/Plugins/Interchange/Runtime/Content/gltf/Textures/T_White_srgb.uexp" 850
"../../../Engine/Plugins/Interchange/Runtime/Content/gltf/MaterialFunctions/MF_BaseColor.uasset" 851
"../../../Engine/Plugins/Interchange/Runtime/Content/gltf/MaterialFunctions/MF_BaseColor.uexp" 852
"../../../Engine/Plugins/Interchange/Runtime/Content/gltf/MaterialBodies/MF_Unlit_Body.uasset" 853
"../../../Engine/Plugins/Interchange/Runtime/Content/gltf/MaterialBodies/MF_Unlit_Body.uexp" 854
"../../../Engine/Plugins/Interchange/Runtime/Content/gltf/M_Unlit.uasset" 855
"../../../Engine/Plugins/Interchange/Runtime/Content/gltf/M_Unlit.uexp" 856
"../../../Engine/Plugins/Interchange/Runtime/Content/gltf/MaterialInstances/MI_Unlit_Opaque_DS.uasset" 857
"../../../Engine/Plugins/Interchange/Runtime/Content/gltf/MaterialInstances/MI_Unlit_Opaque_DS.uexp" 858
"../../../Engine/Plugins/Interchange/Runtime/Content/gltf/MaterialInstances/MI_Unlit_Opaque.uasset" 859
"../../../Engine/Plugins/Interchange/Runtime/Content/gltf/MaterialInstances/MI_Unlit_Opaque.uexp" 860
"../../../Engine/Plugins/Interchange/Runtime/Content/gltf/MaterialInstances/MI_Unlit_Mask_DS.uasset" 861
"../../../Engine/Plugins/Interchange/Runtime/Content/gltf/MaterialInstances/MI_Unlit_Mask_DS.uexp" 862
"../../../Engine/Plugins/Interchange/Runtime/Content/gltf/MaterialInstances/MI_Unlit_Mask.uasset" 863
"../../../Engine/Plugins/Interchange/Runtime/Content/gltf/MaterialInstances/MI_Unlit_Mask.uexp" 864
"../../../Engine/Plugins/Interchange/Runtime/Content/gltf/MaterialInstances/MI_Unlit_Blend_DS.uasset" 865
"../../../Engine/Plugins/Interchange/Runtime/Content/gltf/MaterialInstances/MI_Unlit_Blend_DS.uexp" 866
"../../../Engine/Plugins/Interchange/Runtime/Content/gltf/MaterialInstances/MI_Unlit_Blend.uasset" 867
"../../../Engine/Plugins/Interchange/Runtime/Content/gltf/MaterialInstances/MI_Unlit_Blend.uexp" 868
"../../../Engine/Plugins/Interchange/Runtime/Content/gltf/MaterialFunctions/MF_Iridescence.uasset" 869
"../../../Engine/Plugins/Interchange/Runtime/Content/gltf/MaterialFunctions/MF_Iridescence.uexp" 870
"../../../Engine/Plugins/Interchange/Runtime/Content/gltf/Textures/T_White_Linear.uasset" 871
"../../../Engine/Plugins/Interchange/Runtime/Content/gltf/Textures/T_White_Linear.uexp" 872
"../../../Engine/Plugins/Interchange/Runtime/Content/gltf/MaterialFunctions/MF_MetallicRoughness.uasset" 873
"../../../Engine/Plugins/Interchange/Runtime/Content/gltf/MaterialFunctions/MF_MetallicRoughness.uexp" 874
"../../../Engine/Plugins/Interchange/Runtime/Content/gltf/MaterialFunctions/MF_Transmission.uasset" 875
"../../../Engine/Plugins/Interchange/Runtime/Content/gltf/MaterialFunctions/MF_Transmission.uexp" 876
"../../../Engine/Plugins/Interchange/Runtime/Content/gltf/MaterialFunctions/MF_Occlusion.uasset" 877
"../../../Engine/Plugins/Interchange/Runtime/Content/gltf/MaterialFunctions/MF_Occlusion.uexp" 878
"../../../Engine/Plugins/Interchange/Runtime/Content/gltf/MaterialFunctions/MF_Specular.uasset" 879
"../../../Engine/Plugins/Interchange/Runtime/Content/gltf/MaterialFunctions/MF_Specular.uexp" 880
"../../../Engine/Plugins/Interchange/Runtime/Content/gltf/MaterialFunctions/MF_IOR.uasset" 881
"../../../Engine/Plugins/Interchange/Runtime/Content/gltf/MaterialFunctions/MF_IOR.uexp" 882
"../../../Engine/Plugins/Interchange/Runtime/Content/gltf/MaterialFunctions/MF_RotateNormals_TS.uasset" 883
"../../../Engine/Plugins/Interchange/Runtime/Content/gltf/MaterialFunctions/MF_RotateNormals_TS.uexp" 884
"../../../Engine/Plugins/Interchange/Runtime/Content/gltf/Textures/T_Generic_N.uasset" 885
"../../../Engine/Plugins/Interchange/Runtime/Content/gltf/Textures/T_Generic_N.uexp" 886
"../../../Engine/Plugins/Interchange/Runtime/Content/gltf/MaterialFunctions/MF_Normals.uasset" 887
"../../../Engine/Plugins/Interchange/Runtime/Content/gltf/MaterialFunctions/MF_Normals.uexp" 888
"../../../Engine/Plugins/Interchange/Runtime/Content/gltf/MaterialBodies/MF_Transmission_Body.uasset" 889
"../../../Engine/Plugins/Interchange/Runtime/Content/gltf/MaterialBodies/MF_Transmission_Body.uexp" 890
"../../../Engine/Plugins/Interchange/Runtime/Content/gltf/M_Transmission.uasset" 891
"../../../Engine/Plugins/Interchange/Runtime/Content/gltf/M_Transmission.uexp" 892
"../../../Engine/Plugins/Interchange/Runtime/Content/gltf/MaterialInstances/MI_Transmission_DS.uasset" 893
"../../../Engine/Plugins/Interchange/Runtime/Content/gltf/MaterialInstances/MI_Transmission_DS.uexp" 894
"../../../Engine/Plugins/Interchange/Runtime/Content/gltf/MaterialInstances/MI_Transmission.uasset" 895
"../../../Engine/Plugins/Interchange/Runtime/Content/gltf/MaterialInstances/MI_Transmission.uexp" 896
"../../../Engine/Plugins/Interchange/Runtime/Content/gltf/MaterialFunctions/MF_DiffuseSpecGloss.uasset" 897
"../../../Engine/Plugins/Interchange/Runtime/Content/gltf/MaterialFunctions/MF_DiffuseSpecGloss.uexp" 898
"../../../Engine/Content/Functions/Engine_MaterialFunctions02/Math/AddComponents.uasset" 899
"../../../Engine/Content/Functions/Engine_MaterialFunctions02/Math/AddComponents.uexp" 900
"../../../Engine/Plugins/Interchange/Runtime/Content/gltf/MaterialFunctions/MF_PerceivedBrightness.uasset" 901
"../../../Engine/Plugins/Interchange/Runtime/Content/gltf/MaterialFunctions/MF_PerceivedBrightness.uexp" 902
"../../../Engine/Plugins/Interchange/Runtime/Content/gltf/MaterialFunctions/MF_Emissive.uasset" 903
"../../../Engine/Plugins/Interchange/Runtime/Content/gltf/MaterialFunctions/MF_Emissive.uexp" 904
"../../../Engine/Plugins/Interchange/Runtime/Content/gltf/MaterialFunctions/MF_SpecGlossToMetalRoughness.uasset" 905
"../../../Engine/Plugins/Interchange/Runtime/Content/gltf/MaterialFunctions/MF_SpecGlossToMetalRoughness.uexp" 906
"../../../Engine/Plugins/Interchange/Runtime/Content/gltf/MaterialBodies/MF_SpecularGlossiness_Body.uasset" 907
"../../../Engine/Plugins/Interchange/Runtime/Content/gltf/MaterialBodies/MF_SpecularGlossiness_Body.uexp" 908
"../../../Engine/Plugins/Interchange/Runtime/Content/gltf/M_SpecularGlossiness.uasset" 909
"../../../Engine/Plugins/Interchange/Runtime/Content/gltf/M_SpecularGlossiness.uexp" 910
"../../../Engine/Plugins/Interchange/Runtime/Content/gltf/MaterialInstances/MI_SpecularGlossiness_Opaque_DS.uasset" 911
"../../../Engine/Plugins/Interchange/Runtime/Content/gltf/MaterialInstances/MI_SpecularGlossiness_Opaque_DS.uexp" 912
"../../../Engine/Plugins/Interchange/Runtime/Content/gltf/MaterialInstances/MI_SpecularGlossiness_Opaque.uasset" 913
"../../../Engine/Plugins/Interchange/Runtime/Content/gltf/MaterialInstances/MI_SpecularGlossiness_Opaque.uexp" 914
"../../../Engine/Plugins/Interchange/Runtime/Content/gltf/MaterialInstances/MI_SpecularGlossiness_Mask_DS.uasset" 915
"../../../Engine/Plugins/Interchange/Runtime/Content/gltf/MaterialInstances/MI_SpecularGlossiness_Mask_DS.uexp" 916
"../../../Engine/Plugins/Interchange/Runtime/Content/gltf/MaterialInstances/MI_SpecularGlossiness_Mask.uasset" 917
"../../../Engine/Plugins/Interchange/Runtime/Content/gltf/MaterialInstances/MI_SpecularGlossiness_Mask.uexp" 918
"../../../Engine/Plugins/Interchange/Runtime/Content/gltf/MaterialInstances/MI_SpecularGlossiness_Blend_DS.uasset" 919
"../../../Engine/Plugins/Interchange/Runtime/Content/gltf/MaterialInstances/MI_SpecularGlossiness_Blend_DS.uexp" 920
"../../../Engine/Plugins/Interchange/Runtime/Content/gltf/MaterialInstances/MI_SpecularGlossiness_Blend.uasset" 921
"../../../Engine/Plugins/Interchange/Runtime/Content/gltf/MaterialInstances/MI_SpecularGlossiness_Blend.uexp" 922
"../../../Engine/Plugins/Interchange/Runtime/Content/gltf/MaterialFunctions/MF_Sheen.uasset" 923
"../../../Engine/Plugins/Interchange/Runtime/Content/gltf/MaterialFunctions/MF_Sheen.uexp" 924
"../../../Engine/Plugins/Interchange/Runtime/Content/gltf/MaterialBodies/MF_Sheen_Body.uasset" 925
"../../../Engine/Plugins/Interchange/Runtime/Content/gltf/MaterialBodies/MF_Sheen_Body.uexp" 926
"../../../Engine/Plugins/Interchange/Runtime/Content/gltf/M_Sheen.uasset" 927
"../../../Engine/Plugins/Interchange/Runtime/Content/gltf/M_Sheen.uexp" 928
"../../../Engine/Plugins/Interchange/Runtime/Content/gltf/MaterialInstances/MI_Sheen_Opaque_DS.uasset" 929
"../../../Engine/Plugins/Interchange/Runtime/Content/gltf/MaterialInstances/MI_Sheen_Opaque_DS.uexp" 930
"../../../Engine/Plugins/Interchange/Runtime/Content/gltf/MaterialInstances/MI_Sheen_Opaque.uasset" 931
"../../../Engine/Plugins/Interchange/Runtime/Content/gltf/MaterialInstances/MI_Sheen_Opaque.uexp" 932
"../../../Engine/Plugins/Interchange/Runtime/Content/gltf/MaterialInstances/MI_Sheen_Mask_DS.uasset" 933
"../../../Engine/Plugins/Interchange/Runtime/Content/gltf/MaterialInstances/MI_Sheen_Mask_DS.uexp" 934
"../../../Engine/Plugins/Interchange/Runtime/Content/gltf/MaterialInstances/MI_Sheen_Mask.uasset" 935
"../../../Engine/Plugins/Interchange/Runtime/Content/gltf/MaterialInstances/MI_Sheen_Mask.uexp" 936
"../../../Engine/Plugins/Interchange/Runtime/Content/gltf/MaterialInstances/MI_Sheen_Blend_DS.uasset" 937
"../../../Engine/Plugins/Interchange/Runtime/Content/gltf/MaterialInstances/MI_Sheen_Blend_DS.uexp" 938
"../../../Engine/Plugins/Interchange/Runtime/Content/gltf/MaterialInstances/MI_Sheen_Blend.uasset" 939
"../../../Engine/Plugins/Interchange/Runtime/Content/gltf/MaterialInstances/MI_Sheen_Blend.uexp" 940
"../../../Engine/Plugins/Interchange/Runtime/Content/gltf/MaterialBodies/MF_Default_Body.uasset" 941
"../../../Engine/Plugins/Interchange/Runtime/Content/gltf/MaterialBodies/MF_Default_Body.uexp" 942
"../../../Engine/Plugins/Interchange/Runtime/Content/gltf/M_Default.uasset" 943
"../../../Engine/Plugins/Interchange/Runtime/Content/gltf/M_Default.uexp" 944
"../../../Engine/Plugins/Interchange/Runtime/Content/gltf/MaterialInstances/MI_Default_Opaque.uasset" 945
"../../../Engine/Plugins/Interchange/Runtime/Content/gltf/MaterialInstances/MI_Default_Opaque.uexp" 946
"../../../Engine/Plugins/Interchange/Runtime/Content/gltf/MaterialInstances/MI_Default_Mask_DS.uasset" 947
"../../../Engine/Plugins/Interchange/Runtime/Content/gltf/MaterialInstances/MI_Default_Mask_DS.uexp" 948
"../../../Engine/Plugins/Interchange/Runtime/Content/gltf/MaterialInstances/MI_Default_Mask.uasset" 949
"../../../Engine/Plugins/Interchange/Runtime/Content/gltf/MaterialInstances/MI_Default_Mask.uexp" 950
"../../../Engine/Plugins/Interchange/Runtime/Content/gltf/MaterialInstances/MI_Default_Blend_DS.uasset" 951
"../../../Engine/Plugins/Interchange/Runtime/Content/gltf/MaterialInstances/MI_Default_Blend_DS.uexp" 952
"../../../Engine/Plugins/Interchange/Runtime/Content/gltf/MaterialInstances/MI_Default_Blend.uasset" 953
"../../../Engine/Plugins/Interchange/Runtime/Content/gltf/MaterialInstances/MI_Default_Blend.uexp" 954
"../../../Engine/Plugins/Interchange/Runtime/Content/gltf/MaterialFunctions/MF_Clearcoat.uasset" 955
"../../../Engine/Plugins/Interchange/Runtime/Content/gltf/MaterialFunctions/MF_Clearcoat.uexp" 956
"../../../Engine/Plugins/Interchange/Runtime/Content/gltf/MaterialBodies/MF_ClearCoat_Body.uasset" 957
"../../../Engine/Plugins/Interchange/Runtime/Content/gltf/MaterialBodies/MF_ClearCoat_Body.uexp" 958
"../../../Engine/Plugins/Interchange/Runtime/Content/gltf/M_ClearCoat.uasset" 959
"../../../Engine/Plugins/Interchange/Runtime/Content/gltf/M_ClearCoat.uexp" 960
"../../../Engine/Plugins/Interchange/Runtime/Content/gltf/MaterialInstances/MI_ClearCoat_Opaque_DS.uasset" 961
"../../../Engine/Plugins/Interchange/Runtime/Content/gltf/MaterialInstances/MI_ClearCoat_Opaque_DS.uexp" 962
"../../../Engine/Plugins/Interchange/Runtime/Content/gltf/MaterialInstances/MI_ClearCoat_Opaque.uasset" 963
"../../../Engine/Plugins/Interchange/Runtime/Content/gltf/MaterialInstances/MI_ClearCoat_Opaque.uexp" 964
"../../../Engine/Plugins/Interchange/Runtime/Content/gltf/MaterialInstances/MI_ClearCoat_Mask_DS.uasset" 965
"../../../Engine/Plugins/Interchange/Runtime/Content/gltf/MaterialInstances/MI_ClearCoat_Mask_DS.uexp" 966
"../../../Engine/Plugins/Interchange/Runtime/Content/gltf/MaterialInstances/MI_ClearCoat_Mask.uasset" 967
"../../../Engine/Plugins/Interchange/Runtime/Content/gltf/MaterialInstances/MI_ClearCoat_Mask.uexp" 968
"../../../Engine/Plugins/Interchange/Runtime/Content/gltf/MaterialInstances/MI_ClearCoat_Blend_DS.uasset" 969
"../../../Engine/Plugins/Interchange/Runtime/Content/gltf/MaterialInstances/MI_ClearCoat_Blend_DS.uexp" 970
"../../../Engine/Plugins/Interchange/Runtime/Content/gltf/MaterialInstances/MI_ClearCoat_Blend.uasset" 971
"../../../Engine/Plugins/Interchange/Runtime/Content/gltf/MaterialInstances/MI_ClearCoat_Blend.uexp" 972
"../../../Engine/Content/MobileResources/HUD/VirtualJoystick_Background.uasset" 973
"../../../Engine/Content/MobileResources/HUD/VirtualJoystick_Background.uexp" 974
"../../../Engine/Content/MobileResources/HUD/VirtualJoystick_Thumb.uasset" 975
"../../../Engine/Content/MobileResources/HUD/VirtualJoystick_Thumb.uexp" 976
"../../../Engine/Content/MobileResources/HUD/DefaultVirtualJoysticks.uasset" 977
"../../../Engine/Content/MobileResources/HUD/DefaultVirtualJoysticks.uexp" 978
"../../../Engine/Content/EngineSky/VolumetricClouds/CloudWeatherTexture.uasset" 979
"../../../Engine/Content/EngineSky/VolumetricClouds/CloudWeatherTexture.uexp" 980
"../../../Engine/Content/Functions/Engine_MaterialFunctions02/Utility/MakeFloat2.uasset" 981
"../../../Engine/Content/Functions/Engine_MaterialFunctions02/Utility/MakeFloat2.uexp" 982
"../../../Engine/Content/EngineSky/VolumetricClouds/CloudGradientTexture.uasset" 983
"../../../Engine/Content/EngineSky/VolumetricClouds/CloudGradientTexture.uexp" 984
"../../../Engine/Content/EngineSky/VolumetricClouds/T_NoiseShape64.ubulk" 985
"../../../Engine/Content/EngineSky/VolumetricClouds/T_NoiseShape64.uasset" 986
"../../../Engine/Content/EngineSky/VolumetricClouds/T_NoiseShape64.uexp" 987
"../../../Engine/Content/EngineSky/VolumetricClouds/T_VolumeNoiseShape64.uasset" 988
"../../../Engine/Content/EngineSky/VolumetricClouds/T_VolumeNoiseShape64.uexp" 989
"../../../Engine/Content/EngineSky/VolumetricClouds/T_NoiseErosion.ubulk" 990
"../../../Engine/Content/EngineSky/VolumetricClouds/T_NoiseErosion.uasset" 991
"../../../Engine/Content/EngineSky/VolumetricClouds/T_NoiseErosion.uexp" 992
"../../../Engine/Content/EngineSky/VolumetricClouds/T_VolumeNoiseErosion32.uasset" 993
"../../../Engine/Content/EngineSky/VolumetricClouds/T_VolumeNoiseErosion32.uexp" 994
"../../../Engine/Content/EngineSky/VolumetricClouds/m_SimpleVolumetricCloud.uasset" 995
"../../../Engine/Content/EngineSky/VolumetricClouds/m_SimpleVolumetricCloud.uexp" 996
"../../../Engine/Content/EngineSky/VolumetricClouds/m_SimpleVolumetricCloud_Inst.uasset" 997
"../../../Engine/Content/EngineSky/VolumetricClouds/m_SimpleVolumetricCloud_Inst.uexp" 998
"../../../Engine/Content/EngineResources/FilmGrains/Marcie_Grain_v3_128_M2_000.uasset" 999
"../../../Engine/Content/EngineResources/FilmGrains/Marcie_Grain_v3_128_M2_000.uexp" 1000
"../../../Engine/Content/EditorResources/SequenceRecorder/RecordingIndicator.uasset" 1001
"../../../Engine/Content/EditorResources/SequenceRecorder/RecordingIndicator.uexp" 1002
"../../../Engine/Content/EditorResources/SequenceRecorder/Countdown.uasset" 1003
"../../../Engine/Content/EditorResources/SequenceRecorder/Countdown.uexp" 1004
"../../../Engine/Content/EditorMaterials/Dataflow/DataflowVertexMaterial.uasset" 1005
"../../../Engine/Content/EditorMaterials/Dataflow/DataflowVertexMaterial.uexp" 1006
"../../../Engine/Content/EngineMaterials/Substrate/GLints/AGlintTex2dArray.uasset" 1007
"../../../Engine/Content/EngineMaterials/Substrate/GLints/AGlintTex2dArray.uexp" 1008
"../../../Engine/Content/Functions/Engine_MaterialFunctions01/Shading/PowerToRoughness.uasset" 1009
"../../../Engine/Content/Functions/Engine_MaterialFunctions01/Shading/PowerToRoughness.uexp" 1010
"../../../Engine/Content/Functions/Engine_MaterialFunctions01/Shading/ConvertFromDiffSpec.uasset" 1011
"../../../Engine/Content/Functions/Engine_MaterialFunctions01/Shading/ConvertFromDiffSpec.uexp" 1012
"../../../Engine/Content/EngineMaterials/Substrate/Volume/SubstrateSimpleVolumeLUT3D.uasset" 1013
"../../../Engine/Content/EngineMaterials/Substrate/Volume/SubstrateSimpleVolumeLUT3D.uexp" 1014
"../../../Engine/Content/EngineMaterials/Substrate/Volume/SubstrateSimpleVolumeEnvLUT3D.uasset" 1015
"../../../Engine/Content/EngineMaterials/Substrate/Volume/SubstrateSimpleVolumeEnvLUT3D.uexp" 1016
"../../../Engine/Content/EngineMaterials/Substrate/GLints2/AGlintTex2dArray2.uasset" 1017
"../../../Engine/Content/EngineMaterials/Substrate/GLints2/AGlintTex2dArray2.uexp" 1018
"../../../Engine/Content/Maps/Entry_BuiltData.uasset" 1019
"../../../Engine/Content/Maps/Entry_BuiltData.uexp" 1020
"../../../Engine/Content/Maps/Entry.uexp" 1021
"../../../Engine/Content/Maps/Entry.umap" 1022
"C:/Users/palin/Documents/Unreal Projects/echoes-of-the-moon/Content/assets/enviroment/textury/house_tree_tex1.ubulk" 1023
"C:/Users/palin/Documents/Unreal Projects/echoes-of-the-moon/Content/assets/enviroment/textury/house_tree_tex1.uasset" 1024
"C:/Users/palin/Documents/Unreal Projects/echoes-of-the-moon/Content/assets/enviroment/textury/house_tree_tex1.uexp" 1025
"C:/Users/palin/Documents/Unreal Projects/echoes-of-the-moon/Content/assets/enviroment/textury/house_tree_alfa2.ubulk" 1026
"C:/Users/palin/Documents/Unreal Projects/echoes-of-the-moon/Content/assets/enviroment/textury/house_tree_alfa2.uasset" 1027
"C:/Users/palin/Documents/Unreal Projects/echoes-of-the-moon/Content/assets/enviroment/textury/house_tree_alfa2.uexp" 1028
"C:/Users/palin/Documents/Unreal Projects/echoes-of-the-moon/Content/assets/enviroment/textury/house_tree_tex1_Mat.uasset" 1029
"C:/Users/palin/Documents/Unreal Projects/echoes-of-the-moon/Content/assets/enviroment/textury/house_tree_tex1_Mat.uexp" 1030
"C:/Users/palin/Documents/Unreal Projects/echoes-of-the-moon/Content/DamageSystem/E_DamageType.uasset" 1031
"C:/Users/palin/Documents/Unreal Projects/echoes-of-the-moon/Content/DamageSystem/E_DamageType.uexp" 1032
"C:/Users/palin/Documents/Unreal Projects/echoes-of-the-moon/Content/assets/characters/hlavny_character/mc_albedo_tex_Mat.uasset" 1033
"C:/Users/palin/Documents/Unreal Projects/echoes-of-the-moon/Content/assets/characters/hlavny_character/mc_albedo_tex_Mat.uexp" 1034
"C:/Users/palin/Documents/Unreal Projects/echoes-of-the-moon/Content/Sounds/Slash/attack.ubulk" 1035
"C:/Users/palin/Documents/Unreal Projects/echoes-of-the-moon/Content/Sounds/Slash/attack.uasset" 1036
"C:/Users/palin/Documents/Unreal Projects/echoes-of-the-moon/Content/Sounds/Slash/attack.uexp" 1037
"C:/Users/palin/Documents/Unreal Projects/echoes-of-the-moon/Content/Characters/Main_Character/WithSword/mc_idlesword_anim_Skeleton.uasset" 1038
"C:/Users/palin/Documents/Unreal Projects/echoes-of-the-moon/Content/Characters/Main_Character/WithSword/mc_idlesword_anim_Skeleton.uexp" 1039
"C:/Users/palin/Documents/Unreal Projects/echoes-of-the-moon/Content/Characters/Main_Character/WithSword/mc_slash_anim.uasset" 1040
"C:/Users/palin/Documents/Unreal Projects/echoes-of-the-moon/Content/Characters/Main_Character/WithSword/mc_slash_anim.uexp" 1041
"C:/Users/palin/Documents/Unreal Projects/echoes-of-the-moon/Content/Characters/Main_Character/WithSword/mc_slash_anim_Montage.uasset" 1042
"C:/Users/palin/Documents/Unreal Projects/echoes-of-the-moon/Content/Characters/Main_Character/WithSword/mc_slash_anim_Montage.uexp" 1043
"C:/Users/palin/Documents/Unreal Projects/echoes-of-the-moon/Content/DamageSystem/E_DamageResponse.uasset" 1044
"C:/Users/palin/Documents/Unreal Projects/echoes-of-the-moon/Content/DamageSystem/E_DamageResponse.uexp" 1045
"C:/Users/palin/Documents/Unreal Projects/echoes-of-the-moon/Content/DamageSystem/S_DamageInfo.uasset" 1046
"C:/Users/palin/Documents/Unreal Projects/echoes-of-the-moon/Content/DamageSystem/S_DamageInfo.uexp" 1047
"C:/Users/palin/Documents/Unreal Projects/echoes-of-the-moon/Content/DamageSystem/BPI_Damagable.uasset" 1048
"C:/Users/palin/Documents/Unreal Projects/echoes-of-the-moon/Content/DamageSystem/BPI_Damagable.uexp" 1049
"C:/Users/palin/Documents/Unreal Projects/echoes-of-the-moon/Content/DamageSystem/BPC_DamageSystem.uasset" 1050
"C:/Users/palin/Documents/Unreal Projects/echoes-of-the-moon/Content/DamageSystem/BPC_DamageSystem.uexp" 1051
"C:/Users/palin/Documents/Unreal Projects/echoes-of-the-moon/Content/Characters/Main_Character/WithSword/mc_idlesword_anim_PhysicsAsset.uasset" 1052
"C:/Users/palin/Documents/Unreal Projects/echoes-of-the-moon/Content/Characters/Main_Character/WithSword/mc_idlesword_anim_PhysicsAsset.uexp" 1053
"C:/Users/palin/Documents/Unreal Projects/echoes-of-the-moon/Content/Characters/Main_Character/WithSword/Material.uasset" 1054
"C:/Users/palin/Documents/Unreal Projects/echoes-of-the-moon/Content/Characters/Main_Character/WithSword/Material.uexp" 1055
"C:/Users/palin/Documents/Unreal Projects/echoes-of-the-moon/Content/Characters/Main_Character/WithSword/mc_idlesword_anim.uasset" 1056
"C:/Users/palin/Documents/Unreal Projects/echoes-of-the-moon/Content/Characters/Main_Character/WithSword/mc_idlesword_anim.uexp" 1057
"C:/Users/palin/Documents/Unreal Projects/echoes-of-the-moon/Content/Characters/Main_Character/WithSword/mc_idlesword_anim_Anim.uasset" 1058
"C:/Users/palin/Documents/Unreal Projects/echoes-of-the-moon/Content/Characters/Main_Character/WithSword/mc_idlesword_anim_Anim.uexp" 1059
"../../../Engine/Content/VREditor/Sounds/UI/Foliage_Placed.ubulk" 1060
"../../../Engine/Content/VREditor/Sounds/UI/Foliage_Placed.uasset" 1061
"../../../Engine/Content/VREditor/Sounds/UI/Foliage_Placed.uexp" 1062
"C:/Users/palin/Documents/Unreal Projects/echoes-of-the-moon/Content/Characters/Main_Character/WithSword/mc_runningsword_anim_Anim.uasset" 1063
"C:/Users/palin/Documents/Unreal Projects/echoes-of-the-moon/Content/Characters/Main_Character/WithSword/mc_runningsword_anim_Anim.uexp" 1064
"C:/Users/palin/Documents/Unreal Projects/echoes-of-the-moon/Content/Characters/Main_Character/WithSword/MCSword_BlendSpace1D.uasset" 1065
"C:/Users/palin/Documents/Unreal Projects/echoes-of-the-moon/Content/Characters/Main_Character/WithSword/MCSword_BlendSpace1D.uexp" 1066
"C:/Users/palin/Documents/Unreal Projects/echoes-of-the-moon/Content/Characters/Main_Character/WithSword/Sword_Jump.uasset" 1067
"C:/Users/palin/Documents/Unreal Projects/echoes-of-the-moon/Content/Characters/Main_Character/WithSword/Sword_Jump.uexp" 1068
"C:/Users/palin/Documents/Unreal Projects/echoes-of-the-moon/Content/Characters/Main_Character/WithSword/ABP_MCSword.uasset" 1069
"C:/Users/palin/Documents/Unreal Projects/echoes-of-the-moon/Content/Characters/Main_Character/WithSword/ABP_MCSword.uexp" 1070
"C:/Users/palin/Documents/Unreal Projects/echoes-of-the-moon/Content/ThirdPerson/Blueprints/BP_ThirdPersonCharacter_forest.uasset" 1071
"C:/Users/palin/Documents/Unreal Projects/echoes-of-the-moon/Content/ThirdPerson/Blueprints/BP_ThirdPersonCharacter_forest.uexp" 1072
"C:/Users/palin/Documents/Unreal Projects/echoes-of-the-moon/Content/ThirdPerson/Blueprints/BP_ThirdPersonGameMode2.uasset" 1073
"C:/Users/palin/Documents/Unreal Projects/echoes-of-the-moon/Content/ThirdPerson/Blueprints/BP_ThirdPersonGameMode2.uexp" 1074
"../../../Engine/Content/Functions/Engine_MaterialFunctions01/WorldPositionOffset/SimpleGrassWind.uasset" 1075
"../../../Engine/Content/Functions/Engine_MaterialFunctions01/WorldPositionOffset/SimpleGrassWind.uexp" 1076
"C:/Users/palin/Documents/Unreal Projects/echoes-of-the-moon/Content/Fantastic_Village_Pack/settings/MPC_wind.uasset" 1077
"C:/Users/palin/Documents/Unreal Projects/echoes-of-the-moon/Content/Fantastic_Village_Pack/settings/MPC_wind.uexp" 1078
"C:/Users/palin/Documents/Unreal Projects/echoes-of-the-moon/Content/Fantastic_Village_Pack/textures/T_ENV_grass_village_BC.ubulk" 1079
"C:/Users/palin/Documents/Unreal Projects/echoes-of-the-moon/Content/Fantastic_Village_Pack/textures/T_ENV_grass_village_BC.uasset" 1080
"C:/Users/palin/Documents/Unreal Projects/echoes-of-the-moon/Content/Fantastic_Village_Pack/textures/T_ENV_grass_village_BC.uexp" 1081
"C:/Users/palin/Documents/Unreal Projects/echoes-of-the-moon/Content/Fantastic_Village_Pack/materials/master_materials/M_Master_transparent_grass_wind.uasset" 1082
"C:/Users/palin/Documents/Unreal Projects/echoes-of-the-moon/Content/Fantastic_Village_Pack/materials/master_materials/M_Master_transparent_grass_wind.uexp" 1083
"C:/Users/palin/Documents/Unreal Projects/echoes-of-the-moon/Content/Fantastic_Village_Pack/materials/MI_ENV_grass_wind.uasset" 1084
"C:/Users/palin/Documents/Unreal Projects/echoes-of-the-moon/Content/Fantastic_Village_Pack/materials/MI_ENV_grass_wind.uexp" 1085
"C:/Users/palin/Documents/Unreal Projects/echoes-of-the-moon/Content/Fantastic_Village_Pack/meshes/environment/SM_ENV_PLANT_grass_village.ubulk" 1086
"C:/Users/palin/Documents/Unreal Projects/echoes-of-the-moon/Content/Fantastic_Village_Pack/meshes/environment/SM_ENV_PLANT_grass_village.uasset" 1087
"C:/Users/palin/Documents/Unreal Projects/echoes-of-the-moon/Content/Fantastic_Village_Pack/meshes/environment/SM_ENV_PLANT_grass_village.uexp" 1088
"C:/Users/palin/Documents/Unreal Projects/echoes-of-the-moon/Content/Fantastic_Village_Pack/textures/T_wood_planks_05_N.ubulk" 1089
"C:/Users/palin/Documents/Unreal Projects/echoes-of-the-moon/Content/Fantastic_Village_Pack/textures/T_wood_planks_05_N.uasset" 1090
"C:/Users/palin/Documents/Unreal Projects/echoes-of-the-moon/Content/Fantastic_Village_Pack/textures/T_wood_planks_05_N.uexp" 1091
"C:/Users/palin/Documents/Unreal Projects/echoes-of-the-moon/Content/Fantastic_Village_Pack/textures/T_wood_planks_07_BC.ubulk" 1092
"C:/Users/palin/Documents/Unreal Projects/echoes-of-the-moon/Content/Fantastic_Village_Pack/textures/T_wood_planks_07_BC.uasset" 1093
"C:/Users/palin/Documents/Unreal Projects/echoes-of-the-moon/Content/Fantastic_Village_Pack/textures/T_wood_planks_07_BC.uexp" 1094
"C:/Users/palin/Documents/Unreal Projects/echoes-of-the-moon/Content/Fantastic_Village_Pack/materials/MI_wood_planks_07.uasset" 1095
"C:/Users/palin/Documents/Unreal Projects/echoes-of-the-moon/Content/Fantastic_Village_Pack/materials/MI_wood_planks_07.uexp" 1096
"C:/Users/palin/Documents/Unreal Projects/echoes-of-the-moon/Content/Fantastic_Village_Pack/textures/T_wood_planks_05_BC.ubulk" 1097
"C:/Users/palin/Documents/Unreal Projects/echoes-of-the-moon/Content/Fantastic_Village_Pack/textures/T_wood_planks_05_BC.uasset" 1098
"C:/Users/palin/Documents/Unreal Projects/echoes-of-the-moon/Content/Fantastic_Village_Pack/textures/T_wood_planks_05_BC.uexp" 1099
"C:/Users/palin/Documents/Unreal Projects/echoes-of-the-moon/Content/Fantastic_Village_Pack/materials/MI_wood_planks_05.uasset" 1100
"C:/Users/palin/Documents/Unreal Projects/echoes-of-the-moon/Content/Fantastic_Village_Pack/materials/MI_wood_planks_05.uexp" 1101
"C:/Users/palin/Documents/Unreal Projects/echoes-of-the-moon/Content/Fantastic_Village_Pack/meshes/props/construction/SM_PROP_watchtower_wood_02.ubulk" 1102
"C:/Users/palin/Documents/Unreal Projects/echoes-of-the-moon/Content/Fantastic_Village_Pack/meshes/props/construction/SM_PROP_watchtower_wood_02.uasset" 1103
"C:/Users/palin/Documents/Unreal Projects/echoes-of-the-moon/Content/Fantastic_Village_Pack/meshes/props/construction/SM_PROP_watchtower_wood_02.uexp" 1104
"C:/Users/palin/Documents/Unreal Projects/echoes-of-the-moon/Content/Fantastic_Village_Pack/textures/T_metal_02_BC.ubulk" 1105
"C:/Users/palin/Documents/Unreal Projects/echoes-of-the-moon/Content/Fantastic_Village_Pack/textures/T_metal_02_BC.uasset" 1106
"C:/Users/palin/Documents/Unreal Projects/echoes-of-the-moon/Content/Fantastic_Village_Pack/textures/T_metal_02_BC.uexp" 1107
"C:/Users/palin/Documents/Unreal Projects/echoes-of-the-moon/Content/Fantastic_Village_Pack/materials/MI_metal_02.uasset" 1108
"C:/Users/palin/Documents/Unreal Projects/echoes-of-the-moon/Content/Fantastic_Village_Pack/materials/MI_metal_02.uexp" 1109
"C:/Users/palin/Documents/Unreal Projects/echoes-of-the-moon/Content/Fantastic_Village_Pack/meshes/props/construction/SM_PROP_wall_wood_gate_frame_01.ubulk" 1110
"C:/Users/palin/Documents/Unreal Projects/echoes-of-the-moon/Content/Fantastic_Village_Pack/meshes/props/construction/SM_PROP_wall_wood_gate_frame_01.uasset" 1111
"C:/Users/palin/Documents/Unreal Projects/echoes-of-the-moon/Content/Fantastic_Village_Pack/meshes/props/construction/SM_PROP_wall_wood_gate_frame_01.uexp" 1112
"C:/Users/palin/Documents/Unreal Projects/echoes-of-the-moon/Content/assets/enviroment/oltar/oltar_tex.ubulk" 1113
"C:/Users/palin/Documents/Unreal Projects/echoes-of-the-moon/Content/assets/enviroment/oltar/oltar_tex.uasset" 1114
"C:/Users/palin/Documents/Unreal Projects/echoes-of-the-moon/Content/assets/enviroment/oltar/oltar_tex.uexp" 1115
"C:/Users/palin/Documents/Unreal Projects/echoes-of-the-moon/Content/assets/enviroment/oltar/oltar_tex_Mat.uasset" 1116
"C:/Users/palin/Documents/Unreal Projects/echoes-of-the-moon/Content/assets/enviroment/oltar/oltar_tex_Mat.uexp" 1117
"../../../Engine/Content/EngineSky/T_Sky_Stars.ubulk" 1118
"../../../Engine/Content/EngineSky/T_Sky_Stars.uasset" 1119
"../../../Engine/Content/EngineSky/T_Sky_Stars.uexp" 1120
"../../../Engine/Content/EngineSky/T_Sky_Clouds_M.ubulk" 1121
"../../../Engine/Content/EngineSky/T_Sky_Clouds_M.uasset" 1122
"../../../Engine/Content/EngineSky/T_Sky_Clouds_M.uexp" 1123
"../../../Engine/Content/EngineSky/T_Sky_Blue.ubulk" 1124
"../../../Engine/Content/EngineSky/T_Sky_Blue.uasset" 1125
"../../../Engine/Content/EngineSky/T_Sky_Blue.uexp" 1126
"../../../Engine/Content/EngineSky/M_Sky_Panning_Clouds2.uasset" 1127
"../../../Engine/Content/EngineSky/M_Sky_Panning_Clouds2.uexp" 1128
"../../../Engine/Content/EngineSky/SM_SkySphere.ubulk" 1129
"../../../Engine/Content/EngineSky/SM_SkySphere.uasset" 1130
"../../../Engine/Content/EngineSky/SM_SkySphere.uexp" 1131
"C:/Users/palin/Documents/Unreal Projects/echoes-of-the-moon/Content/assets/enviroment/rastliny/Material_001.uasset" 1132
"C:/Users/palin/Documents/Unreal Projects/echoes-of-the-moon/Content/assets/enviroment/rastliny/Material_001.uexp" 1133
"C:/Users/palin/Documents/Unreal Projects/echoes-of-the-moon/Content/assets/enviroment/rastliny/tree_big_PhysicsAsset.uasset" 1134
"C:/Users/palin/Documents/Unreal Projects/echoes-of-the-moon/Content/assets/enviroment/rastliny/tree_big_PhysicsAsset.uexp" 1135
"C:/Users/palin/Documents/Unreal Projects/echoes-of-the-moon/Content/assets/enviroment/rastliny/tree_big_Skeleton.uasset" 1136
"C:/Users/palin/Documents/Unreal Projects/echoes-of-the-moon/Content/assets/enviroment/rastliny/tree_big_Skeleton.uexp" 1137
"C:/Users/palin/Documents/Unreal Projects/echoes-of-the-moon/Content/assets/enviroment/rastliny/tree_big.uasset" 1138
"C:/Users/palin/Documents/Unreal Projects/echoes-of-the-moon/Content/assets/enviroment/rastliny/tree_big.uexp" 1139
"C:/Users/palin/Documents/Unreal Projects/echoes-of-the-moon/Content/assets/enviroment/rastliny/tree_smal_Skeleton.uasset" 1140
"C:/Users/palin/Documents/Unreal Projects/echoes-of-the-moon/Content/assets/enviroment/rastliny/tree_smal_Skeleton.uexp" 1141
"C:/Users/palin/Documents/Unreal Projects/echoes-of-the-moon/Content/assets/enviroment/rastliny/tree_smal.uasset" 1142
"C:/Users/palin/Documents/Unreal Projects/echoes-of-the-moon/Content/assets/enviroment/rastliny/tree_smal.uexp" 1143
"C:/Users/palin/Documents/Unreal Projects/echoes-of-the-moon/Content/assets/enviroment/oltar/luna_alfa2.ubulk" 1144
"C:/Users/palin/Documents/Unreal Projects/echoes-of-the-moon/Content/assets/enviroment/oltar/luna_alfa2.uasset" 1145
"C:/Users/palin/Documents/Unreal Projects/echoes-of-the-moon/Content/assets/enviroment/oltar/luna_alfa2.uexp" 1146
"C:/Users/palin/Documents/Unreal Projects/echoes-of-the-moon/Content/assets/enviroment/oltar/luna_tex.ubulk" 1147
"C:/Users/palin/Documents/Unreal Projects/echoes-of-the-moon/Content/assets/enviroment/oltar/luna_tex.uasset" 1148
"C:/Users/palin/Documents/Unreal Projects/echoes-of-the-moon/Content/assets/enviroment/oltar/luna_tex.uexp" 1149
"C:/Users/palin/Documents/Unreal Projects/echoes-of-the-moon/Content/assets/enviroment/oltar/Luna.uasset" 1150
"C:/Users/palin/Documents/Unreal Projects/echoes-of-the-moon/Content/assets/enviroment/oltar/Luna.uexp" 1151
"../../../Engine/Content/MapTemplates/SM_Template_Map_Floor.ubulk" 1152
"../../../Engine/Content/MapTemplates/SM_Template_Map_Floor.uasset" 1153
"../../../Engine/Content/MapTemplates/SM_Template_Map_Floor.uexp" 1154
"C:/Users/palin/Documents/Unreal Projects/echoes-of-the-moon/Content/CutScenes/NewLevelSequence1.uasset" 1155
"C:/Users/palin/Documents/Unreal Projects/echoes-of-the-moon/Content/CutScenes/NewLevelSequence1.uexp" 1156
"C:/Users/palin/Documents/Unreal Projects/echoes-of-the-moon/Content/CutScenes/BP_CutScene_ALtar.uasset" 1157
"C:/Users/palin/Documents/Unreal Projects/echoes-of-the-moon/Content/CutScenes/BP_CutScene_ALtar.uexp" 1158
"C:/Users/palin/Documents/Unreal Projects/echoes-of-the-moon/Content/assets/enviroment/textury/house_tree_tex3.ubulk" 1159
"C:/Users/palin/Documents/Unreal Projects/echoes-of-the-moon/Content/assets/enviroment/textury/house_tree_tex3.uasset" 1160
"C:/Users/palin/Documents/Unreal Projects/echoes-of-the-moon/Content/assets/enviroment/textury/house_tree_tex3.uexp" 1161
"C:/Users/palin/Documents/Unreal Projects/echoes-of-the-moon/Content/assets/enviroment/textury/house_tree_tex3_Mat.uasset" 1162
"C:/Users/palin/Documents/Unreal Projects/echoes-of-the-moon/Content/assets/enviroment/textury/house_tree_tex3_Mat.uexp" 1163
"C:/Users/palin/Documents/Unreal Projects/echoes-of-the-moon/Content/assets/enviroment/oltar/Material_005.uasset" 1164
"C:/Users/palin/Documents/Unreal Projects/echoes-of-the-moon/Content/assets/enviroment/oltar/Material_005.uexp" 1165
"C:/Users/palin/Documents/Unreal Projects/echoes-of-the-moon/Content/assets/enviroment/oltar/oltar_mesh_luna_001.ubulk" 1166
"C:/Users/palin/Documents/Unreal Projects/echoes-of-the-moon/Content/assets/enviroment/oltar/oltar_mesh_luna_001.uasset" 1167
"C:/Users/palin/Documents/Unreal Projects/echoes-of-the-moon/Content/assets/enviroment/oltar/oltar_mesh_luna_001.uexp" 1168
"C:/Users/palin/Documents/Unreal Projects/echoes-of-the-moon/Content/assets/enviroment/oltar/Material_004.uasset" 1169
"C:/Users/palin/Documents/Unreal Projects/echoes-of-the-moon/Content/assets/enviroment/oltar/Material_004.uexp" 1170
"C:/Users/palin/Documents/Unreal Projects/echoes-of-the-moon/Content/assets/enviroment/oltar/oltar_mesh_luna_003.ubulk" 1171
"C:/Users/palin/Documents/Unreal Projects/echoes-of-the-moon/Content/assets/enviroment/oltar/oltar_mesh_luna_003.uasset" 1172
"C:/Users/palin/Documents/Unreal Projects/echoes-of-the-moon/Content/assets/enviroment/oltar/oltar_mesh_luna_003.uexp" 1173
"C:/Users/palin/Documents/Unreal Projects/echoes-of-the-moon/Content/Blueprints/BP_ForestLevel.uasset" 1174
"C:/Users/palin/Documents/Unreal Projects/echoes-of-the-moon/Content/Blueprints/BP_ForestLevel.uexp" 1175
"C:/Users/palin/Documents/Unreal Projects/echoes-of-the-moon/Content/StarterContent/Textures/T_Ground_Grass_D.ubulk" 1176
"C:/Users/palin/Documents/Unreal Projects/echoes-of-the-moon/Content/StarterContent/Textures/T_Ground_Grass_D.uasset" 1177
"C:/Users/palin/Documents/Unreal Projects/echoes-of-the-moon/Content/StarterContent/Textures/T_Ground_Grass_D.uexp" 1178
"C:/Users/palin/Documents/Unreal Projects/echoes-of-the-moon/Content/StarterContent/Textures/T_Ground_Grass_N.ubulk" 1179
"C:/Users/palin/Documents/Unreal Projects/echoes-of-the-moon/Content/StarterContent/Textures/T_Ground_Grass_N.uasset" 1180
"C:/Users/palin/Documents/Unreal Projects/echoes-of-the-moon/Content/StarterContent/Textures/T_Ground_Grass_N.uexp" 1181
"C:/Users/palin/Documents/Unreal Projects/echoes-of-the-moon/Content/StarterContent/Textures/T_Perlin_Noise_M.ubulk" 1182
"C:/Users/palin/Documents/Unreal Projects/echoes-of-the-moon/Content/StarterContent/Textures/T_Perlin_Noise_M.uasset" 1183
"C:/Users/palin/Documents/Unreal Projects/echoes-of-the-moon/Content/StarterContent/Textures/T_Perlin_Noise_M.uexp" 1184
"C:/Users/palin/Documents/Unreal Projects/echoes-of-the-moon/Content/StarterContent/Textures/T_MacroVariation.uasset" 1185
"C:/Users/palin/Documents/Unreal Projects/echoes-of-the-moon/Content/StarterContent/Textures/T_MacroVariation.uexp" 1186
"C:/Users/palin/Documents/Unreal Projects/echoes-of-the-moon/Content/StarterContent/Materials/M_Ground_Grass.uasset" 1187
"C:/Users/palin/Documents/Unreal Projects/echoes-of-the-moon/Content/StarterContent/Materials/M_Ground_Grass.uexp" 1188
"C:/Users/palin/Documents/Unreal Projects/echoes-of-the-moon/Content/assets/enviroment/textury/house_tree_tex2.ubulk" 1189
"C:/Users/palin/Documents/Unreal Projects/echoes-of-the-moon/Content/assets/enviroment/textury/house_tree_tex2.uasset" 1190
"C:/Users/palin/Documents/Unreal Projects/echoes-of-the-moon/Content/assets/enviroment/textury/house_tree_tex2.uexp" 1191
"C:/Users/palin/Documents/Unreal Projects/echoes-of-the-moon/Content/assets/enviroment/textury/house_tree_tex2_Mat.uasset" 1192
"C:/Users/palin/Documents/Unreal Projects/echoes-of-the-moon/Content/assets/enviroment/textury/house_tree_tex2_Mat.uexp" 1193
"../../../Engine/Content/EngineSky/M_SimpleSkyDome.uasset" 1194
"../../../Engine/Content/EngineSky/M_SimpleSkyDome.uexp" 1195
"C:/Users/palin/Documents/Unreal Projects/echoes-of-the-moon/Content/Blueprints/BP_AltarTask.uasset" 1196
"C:/Users/palin/Documents/Unreal Projects/echoes-of-the-moon/Content/Blueprints/BP_AltarTask.uexp" 1197
"C:/Users/palin/Documents/Unreal Projects/echoes-of-the-moon/Content/Fantastic_Village_Pack/textures/T_wood_detail_01_BC.ubulk" 1198
"C:/Users/palin/Documents/Unreal Projects/echoes-of-the-moon/Content/Fantastic_Village_Pack/textures/T_wood_detail_01_BC.uasset" 1199
"C:/Users/palin/Documents/Unreal Projects/echoes-of-the-moon/Content/Fantastic_Village_Pack/textures/T_wood_detail_01_BC.uexp" 1200
"C:/Users/palin/Documents/Unreal Projects/echoes-of-the-moon/Content/Fantastic_Village_Pack/textures/T_leather.ubulk" 1201
"C:/Users/palin/Documents/Unreal Projects/echoes-of-the-moon/Content/Fantastic_Village_Pack/textures/T_leather.uasset" 1202
"C:/Users/palin/Documents/Unreal Projects/echoes-of-the-moon/Content/Fantastic_Village_Pack/textures/T_leather.uexp" 1203
"C:/Users/palin/Documents/Unreal Projects/echoes-of-the-moon/Content/Fantastic_Village_Pack/materials/master_materials/M_Master_opaque.uasset" 1204
"C:/Users/palin/Documents/Unreal Projects/echoes-of-the-moon/Content/Fantastic_Village_Pack/materials/master_materials/M_Master_opaque.uexp" 1205
"C:/Users/palin/Documents/Unreal Projects/echoes-of-the-moon/Content/Fantastic_Village_Pack/materials/MI_wood_detail_01.uasset" 1206
"C:/Users/palin/Documents/Unreal Projects/echoes-of-the-moon/Content/Fantastic_Village_Pack/materials/MI_wood_detail_01.uexp" 1207
"C:/Users/palin/Documents/Unreal Projects/echoes-of-the-moon/Content/Fantastic_Village_Pack/meshes/props/construction/SM_PROP_spikes_v02_02.ubulk" 1208
"C:/Users/palin/Documents/Unreal Projects/echoes-of-the-moon/Content/Fantastic_Village_Pack/meshes/props/construction/SM_PROP_spikes_v02_02.uasset" 1209
"C:/Users/palin/Documents/Unreal Projects/echoes-of-the-moon/Content/Fantastic_Village_Pack/meshes/props/construction/SM_PROP_spikes_v02_02.uexp" 1210
"C:/Users/palin/Documents/Unreal Projects/echoes-of-the-moon/Content/Fantastic_Village_Pack/textures/T_ENV_plants_village_BC.ubulk" 1211
"C:/Users/palin/Documents/Unreal Projects/echoes-of-the-moon/Content/Fantastic_Village_Pack/textures/T_ENV_plants_village_BC.uasset" 1212
"C:/Users/palin/Documents/Unreal Projects/echoes-of-the-moon/Content/Fantastic_Village_Pack/textures/T_ENV_plants_village_BC.uexp" 1213
"../../../Engine/Content/Functions/Engine_MaterialFunctions02/WorldPositionOffset/ObjectPivotPoint.uasset" 1214
"../../../Engine/Content/Functions/Engine_MaterialFunctions02/WorldPositionOffset/ObjectPivotPoint.uexp" 1215
"C:/Users/palin/Documents/Unreal Projects/echoes-of-the-moon/Content/Fantastic_Village_Pack/materials/master_materials/M_Master_transparent_plants_wind.uasset" 1216
"C:/Users/palin/Documents/Unreal Projects/echoes-of-the-moon/Content/Fantastic_Village_Pack/materials/master_materials/M_Master_transparent_plants_wind.uexp" 1217
"C:/Users/palin/Documents/Unreal Projects/echoes-of-the-moon/Content/Fantastic_Village_Pack/materials/MI_ENV_plants_wind.uasset" 1218
"C:/Users/palin/Documents/Unreal Projects/echoes-of-the-moon/Content/Fantastic_Village_Pack/materials/MI_ENV_plants_wind.uexp" 1219
"C:/Users/palin/Documents/Unreal Projects/echoes-of-the-moon/Content/Fantastic_Village_Pack/meshes/environment/SM_ENV_PLANT_leaf_village.ubulk" 1220
"C:/Users/palin/Documents/Unreal Projects/echoes-of-the-moon/Content/Fantastic_Village_Pack/meshes/environment/SM_ENV_PLANT_leaf_village.uasset" 1221
"C:/Users/palin/Documents/Unreal Projects/echoes-of-the-moon/Content/Fantastic_Village_Pack/meshes/environment/SM_ENV_PLANT_leaf_village.uexp" 1222
"C:/Users/palin/Documents/Unreal Projects/echoes-of-the-moon/Content/ThirdPerson/Maps/Test.uexp" 1223
"C:/Users/palin/Documents/Unreal Projects/echoes-of-the-moon/Content/ThirdPerson/Maps/Test.umap" 1224
"C:/Users/palin/Documents/Unreal Projects/echoes-of-the-moon/Content/3D_LOW_POLY_FarmPack/Meshes/Animals/Birds/SKEL_Birds.uasset" 1225
"C:/Users/palin/Documents/Unreal Projects/echoes-of-the-moon/Content/3D_LOW_POLY_FarmPack/Meshes/Animals/Birds/SKEL_Birds.uexp" 1226
"C:/Users/palin/Documents/Unreal Projects/echoes-of-the-moon/Content/3D_LOW_POLY_FarmPack/Textures/T_FarmAnimalstextures.ubulk" 1227
"C:/Users/palin/Documents/Unreal Projects/echoes-of-the-moon/Content/3D_LOW_POLY_FarmPack/Textures/T_FarmAnimalstextures.uasset" 1228
"C:/Users/palin/Documents/Unreal Projects/echoes-of-the-moon/Content/3D_LOW_POLY_FarmPack/Textures/T_FarmAnimalstextures.uexp" 1229
"C:/Users/palin/Documents/Unreal Projects/echoes-of-the-moon/Content/3D_LOW_POLY_FarmPack/Materials/M_FarmAnimals.uasset" 1230
"C:/Users/palin/Documents/Unreal Projects/echoes-of-the-moon/Content/3D_LOW_POLY_FarmPack/Materials/M_FarmAnimals.uexp" 1231
"C:/Users/palin/Documents/Unreal Projects/echoes-of-the-moon/Content/3D_LOW_POLY_FarmPack/Meshes/Animals/Birds/SKM_Duck_mixed.uasset" 1232
"C:/Users/palin/Documents/Unreal Projects/echoes-of-the-moon/Content/3D_LOW_POLY_FarmPack/Meshes/Animals/Birds/SKM_Duck_mixed.uexp" 1233
"../../../Engine/Content/Animation/DefaultAnimCurveCompressionSettings.uasset" 1234
"../../../Engine/Content/Animation/DefaultAnimCurveCompressionSettings.uexp" 1235
"C:/Users/palin/Documents/Unreal Projects/echoes-of-the-moon/Content/3D_LOW_POLY_FarmPack/Animations/Birds_animations/Bird_Idle.uasset" 1236
"C:/Users/palin/Documents/Unreal Projects/echoes-of-the-moon/Content/3D_LOW_POLY_FarmPack/Animations/Birds_animations/Bird_Idle.uexp" 1237
"C:/Users/palin/Documents/Unreal Projects/echoes-of-the-moon/Content/3D_LOW_POLY_FarmPack/Animations/Birds_animations/Bird_Walk_Forward.uasset" 1238
"C:/Users/palin/Documents/Unreal Projects/echoes-of-the-moon/Content/3D_LOW_POLY_FarmPack/Animations/Birds_animations/Bird_Walk_Forward.uexp" 1239
"C:/Users/palin/Documents/Unreal Projects/echoes-of-the-moon/Content/Blueprints/NPC/NewBlendSpace1D.uasset" 1240
"C:/Users/palin/Documents/Unreal Projects/echoes-of-the-moon/Content/Blueprints/NPC/NewBlendSpace1D.uexp" 1241
"C:/Users/palin/Documents/Unreal Projects/echoes-of-the-moon/Content/Blueprints/NPC/ABP_Birds.uasset" 1242
"C:/Users/palin/Documents/Unreal Projects/echoes-of-the-moon/Content/Blueprints/NPC/ABP_Birds.uexp" 1243
"C:/Users/palin/Documents/Unreal Projects/echoes-of-the-moon/Content/Blueprints/NPC/BP_Chicken2.uasset" 1244
"C:/Users/palin/Documents/Unreal Projects/echoes-of-the-moon/Content/Blueprints/NPC/BP_Chicken2.uexp" 1245
"C:/Users/palin/Documents/Unreal Projects/echoes-of-the-moon/Content/assets/enviroment/textury/shop_flowers_tex.ubulk" 1246
"C:/Users/palin/Documents/Unreal Projects/echoes-of-the-moon/Content/assets/enviroment/textury/shop_flowers_tex.uasset" 1247
"C:/Users/palin/Documents/Unreal Projects/echoes-of-the-moon/Content/assets/enviroment/textury/shop_flowers_tex.uexp" 1248
"C:/Users/palin/Documents/Unreal Projects/echoes-of-the-moon/Content/assets/enviroment/textury/shop_flowers_alfa2.ubulk" 1249
"C:/Users/palin/Documents/Unreal Projects/echoes-of-the-moon/Content/assets/enviroment/textury/shop_flowers_alfa2.uasset" 1250
"C:/Users/palin/Documents/Unreal Projects/echoes-of-the-moon/Content/assets/enviroment/textury/shop_flowers_alfa2.uexp" 1251
"C:/Users/palin/Documents/Unreal Projects/echoes-of-the-moon/Content/assets/enviroment/textury/shop_flowers_tex_Mat.uasset" 1252
"C:/Users/palin/Documents/Unreal Projects/echoes-of-the-moon/Content/assets/enviroment/textury/shop_flowers_tex_Mat.uexp" 1253
"C:/Users/palin/Documents/Unreal Projects/echoes-of-the-moon/Content/assets/enviroment/rastliny/rastliny2/rastliny_bush.ubulk" 1254
"C:/Users/palin/Documents/Unreal Projects/echoes-of-the-moon/Content/assets/enviroment/rastliny/rastliny2/rastliny_bush.uasset" 1255
"C:/Users/palin/Documents/Unreal Projects/echoes-of-the-moon/Content/assets/enviroment/rastliny/rastliny2/rastliny_bush.uexp" 1256
"C:/Users/palin/Documents/Unreal Projects/echoes-of-the-moon/Content/assets/enviroment/rastliny/rastliny2/rastliny_grass.ubulk" 1257
"C:/Users/palin/Documents/Unreal Projects/echoes-of-the-moon/Content/assets/enviroment/rastliny/rastliny2/rastliny_grass.uasset" 1258
"C:/Users/palin/Documents/Unreal Projects/echoes-of-the-moon/Content/assets/enviroment/rastliny/rastliny2/rastliny_grass.uexp" 1259
"../../../Engine/Content/VREditor/Sounds/UI/Camera_Shutter.ubulk" 1260
"../../../Engine/Content/VREditor/Sounds/UI/Camera_Shutter.uasset" 1261
"../../../Engine/Content/VREditor/Sounds/UI/Camera_Shutter.uexp" 1262
"C:/Users/palin/Documents/Unreal Projects/echoes-of-the-moon/Content/Blueprints/BP_Gate_shop.uasset" 1263
"C:/Users/palin/Documents/Unreal Projects/echoes-of-the-moon/Content/Blueprints/BP_Gate_shop.uexp" 1264
"C:/Users/palin/Documents/Unreal Projects/echoes-of-the-moon/Content/meshes/Material_005.uasset" 1265
"C:/Users/palin/Documents/Unreal Projects/echoes-of-the-moon/Content/meshes/Material_005.uexp" 1266
"C:/Users/palin/Documents/Unreal Projects/echoes-of-the-moon/Content/meshes/house_smal.ubulk" 1267
"C:/Users/palin/Documents/Unreal Projects/echoes-of-the-moon/Content/meshes/house_smal.uasset" 1268
"C:/Users/palin/Documents/Unreal Projects/echoes-of-the-moon/Content/meshes/house_smal.uexp" 1269
"C:/Users/palin/Documents/Unreal Projects/echoes-of-the-moon/Content/Fantastic_Village_Pack/meshes/props/construction/SM_PROP_fence_v02_02.ubulk" 1270
"C:/Users/palin/Documents/Unreal Projects/echoes-of-the-moon/Content/Fantastic_Village_Pack/meshes/props/construction/SM_PROP_fence_v02_02.uasset" 1271
"C:/Users/palin/Documents/Unreal Projects/echoes-of-the-moon/Content/Fantastic_Village_Pack/meshes/props/construction/SM_PROP_fence_v02_02.uexp" 1272
"C:/Users/palin/Documents/Unreal Projects/echoes-of-the-moon/Content/Characters/Enemy/lienka_rig1_Skeleton.uasset" 1273
"C:/Users/palin/Documents/Unreal Projects/echoes-of-the-moon/Content/Characters/Enemy/lienka_rig1_Skeleton.uexp" 1274
"C:/Users/palin/Documents/Unreal Projects/echoes-of-the-moon/Content/Characters/Enemy/animations/lienka_rig1_Anim.uasset" 1275
"C:/Users/palin/Documents/Unreal Projects/echoes-of-the-moon/Content/Characters/Enemy/animations/lienka_rig1_Anim.uexp" 1276
"C:/Users/palin/Documents/Unreal Projects/echoes-of-the-moon/Content/Characters/Enemy/animations/ABP_lienka.uasset" 1277
"C:/Users/palin/Documents/Unreal Projects/echoes-of-the-moon/Content/Characters/Enemy/animations/ABP_lienka.uexp" 1278
"C:/Users/palin/Documents/Unreal Projects/echoes-of-the-moon/Content/Sounds/SoundSystem/AIChase.ubulk" 1279
"C:/Users/palin/Documents/Unreal Projects/echoes-of-the-moon/Content/Sounds/SoundSystem/AIChase.uasset" 1280
"C:/Users/palin/Documents/Unreal Projects/echoes-of-the-moon/Content/Sounds/SoundSystem/AIChase.uexp" 1281
"C:/Users/palin/Documents/Unreal Projects/echoes-of-the-moon/Content/Vefects/Zap_VFX/VFX/Zap/Textures/T_VFX_Scorch_Mark_01.ubulk" 1282
"C:/Users/palin/Documents/Unreal Projects/echoes-of-the-moon/Content/Vefects/Zap_VFX/VFX/Zap/Textures/T_VFX_Scorch_Mark_01.uasset" 1283
"C:/Users/palin/Documents/Unreal Projects/echoes-of-the-moon/Content/Vefects/Zap_VFX/VFX/Zap/Textures/T_VFX_Scorch_Mark_01.uexp" 1284
"C:/Users/palin/Documents/Unreal Projects/echoes-of-the-moon/Content/Vefects/Zap_VFX/VFX/Zap/Materials/MM_Particles.uasset" 1285
"C:/Users/palin/Documents/Unreal Projects/echoes-of-the-moon/Content/Vefects/Zap_VFX/VFX/Zap/Materials/MM_Particles.uexp" 1286
"C:/Users/palin/Documents/Unreal Projects/echoes-of-the-moon/Content/Vefects/Zap_VFX/VFX/Zap/Textures/T_VFX_Flare_01.ubulk" 1287
"C:/Users/palin/Documents/Unreal Projects/echoes-of-the-moon/Content/Vefects/Zap_VFX/VFX/Zap/Textures/T_VFX_Flare_01.uasset" 1288
"C:/Users/palin/Documents/Unreal Projects/echoes-of-the-moon/Content/Vefects/Zap_VFX/VFX/Zap/Textures/T_VFX_Flare_01.uexp" 1289
"C:/Users/palin/Documents/Unreal Projects/echoes-of-the-moon/Content/Vefects/Zap_VFX/VFX/Zap/Materials/MI_Flare_01.uasset" 1290
"C:/Users/palin/Documents/Unreal Projects/echoes-of-the-moon/Content/Vefects/Zap_VFX/VFX/Zap/Materials/MI_Flare_01.uexp" 1291
"C:/Users/palin/Documents/Unreal Projects/echoes-of-the-moon/Content/Vefects/Zap_VFX/VFX/Zap/Materials/MI_Scorch_01.uasset" 1292
"C:/Users/palin/Documents/Unreal Projects/echoes-of-the-moon/Content/Vefects/Zap_VFX/VFX/Zap/Materials/MI_Scorch_01.uexp" 1293
"C:/Users/palin/Documents/Unreal Projects/echoes-of-the-moon/Content/Vefects/Zap_VFX/VFX/Zap/Materials/MI_Spark_01.uasset" 1294
"C:/Users/palin/Documents/Unreal Projects/echoes-of-the-moon/Content/Vefects/Zap_VFX/VFX/Zap/Materials/MI_Spark_01.uexp" 1295
"C:/Users/palin/Documents/Unreal Projects/echoes-of-the-moon/Content/Vefects/Zap_VFX/VFX/Zap/Textures/T_VFX_Zap_Lightning_01.ubulk" 1296
"C:/Users/palin/Documents/Unreal Projects/echoes-of-the-moon/Content/Vefects/Zap_VFX/VFX/Zap/Textures/T_VFX_Zap_Lightning_01.uasset" 1297
"C:/Users/palin/Documents/Unreal Projects/echoes-of-the-moon/Content/Vefects/Zap_VFX/VFX/Zap/Textures/T_VFX_Zap_Lightning_01.uexp" 1298
"C:/Users/palin/Documents/Unreal Projects/echoes-of-the-moon/Content/Vefects/Zap_VFX/VFX/Zap/Textures/T_VFX_Zap_Lightning_01_BG.ubulk" 1299
"C:/Users/palin/Documents/Unreal Projects/echoes-of-the-moon/Content/Vefects/Zap_VFX/VFX/Zap/Textures/T_VFX_Zap_Lightning_01_BG.uasset" 1300
"C:/Users/palin/Documents/Unreal Projects/echoes-of-the-moon/Content/Vefects/Zap_VFX/VFX/Zap/Textures/T_VFX_Zap_Lightning_01_BG.uexp" 1301
"C:/Users/palin/Documents/Unreal Projects/echoes-of-the-moon/Content/Vefects/Zap_VFX/VFX/Zap/Textures/T_VFX_Zap_LUT_01.uasset" 1302
"C:/Users/palin/Documents/Unreal Projects/echoes-of-the-moon/Content/Vefects/Zap_VFX/VFX/Zap/Textures/T_VFX_Zap_LUT_01.uexp" 1303
"C:/Users/palin/Documents/Unreal Projects/echoes-of-the-moon/Content/Vefects/Zap_VFX/VFX/Zap/Materials/MM_Lightning.uasset" 1304
"C:/Users/palin/Documents/Unreal Projects/echoes-of-the-moon/Content/Vefects/Zap_VFX/VFX/Zap/Materials/MM_Lightning.uexp" 1305
"C:/Users/palin/Documents/Unreal Projects/echoes-of-the-moon/Content/Vefects/Zap_VFX/VFX/Zap/Materials/MI_Zap_Lightning_01_BG.uasset" 1306
"C:/Users/palin/Documents/Unreal Projects/echoes-of-the-moon/Content/Vefects/Zap_VFX/VFX/Zap/Materials/MI_Zap_Lightning_01_BG.uexp" 1307
"C:/Users/palin/Documents/Unreal Projects/echoes-of-the-moon/Content/Vefects/Zap_VFX/VFX/Zap/Materials/MI_Zap_Lightning_01.uasset" 1308
"C:/Users/palin/Documents/Unreal Projects/echoes-of-the-moon/Content/Vefects/Zap_VFX/VFX/Zap/Materials/MI_Zap_Lightning_01.uexp" 1309
"C:/Users/palin/Documents/Unreal Projects/echoes-of-the-moon/Content/Vefects/Zap_VFX/VFX/Zap/Particles/PS_Zap_02.uasset" 1310
"C:/Users/palin/Documents/Unreal Projects/echoes-of-the-moon/Content/Vefects/Zap_VFX/VFX/Zap/Particles/PS_Zap_02.uexp" 1311
"C:/Users/palin/Documents/Unreal Projects/echoes-of-the-moon/Content/assets/characters/lienka/lienka_rig1_Skeleton.uasset" 1312
"C:/Users/palin/Documents/Unreal Projects/echoes-of-the-moon/Content/assets/characters/lienka/lienka_rig1_Skeleton.uexp" 1313
"C:/Users/palin/Documents/Unreal Projects/echoes-of-the-moon/Content/assets/characters/lienka/animations/lienka_attack_Anim.uasset" 1314
"C:/Users/palin/Documents/Unreal Projects/echoes-of-the-moon/Content/assets/characters/lienka/animations/lienka_attack_Anim.uexp" 1315
"C:/Users/palin/Documents/Unreal Projects/echoes-of-the-moon/Content/assets/characters/lienka/animations/A_Attack_Montage.uasset" 1316
"C:/Users/palin/Documents/Unreal Projects/echoes-of-the-moon/Content/assets/characters/lienka/animations/A_Attack_Montage.uexp" 1317
"C:/Users/palin/Documents/Unreal Projects/echoes-of-the-moon/Content/Characters/Enemy/lienka_rig1.uasset" 1318
"C:/Users/palin/Documents/Unreal Projects/echoes-of-the-moon/Content/Characters/Enemy/lienka_rig1.uexp" 1319
"../../../Engine/Content/VREditor/Sounds/UI/Leave_Simulate.ubulk" 1320
"../../../Engine/Content/VREditor/Sounds/UI/Leave_Simulate.uasset" 1321
"../../../Engine/Content/VREditor/Sounds/UI/Leave_Simulate.uexp" 1322
"C:/Users/palin/Documents/Unreal Projects/echoes-of-the-moon/Content/assets/characters/lienka/lienka_alfa.ubulk" 1323
"C:/Users/palin/Documents/Unreal Projects/echoes-of-the-moon/Content/assets/characters/lienka/lienka_alfa.uasset" 1324
"C:/Users/palin/Documents/Unreal Projects/echoes-of-the-moon/Content/assets/characters/lienka/lienka_alfa.uexp" 1325
"C:/Users/palin/Documents/Unreal Projects/echoes-of-the-moon/Content/assets/characters/lienka/lienka_tex.ubulk" 1326
"C:/Users/palin/Documents/Unreal Projects/echoes-of-the-moon/Content/assets/characters/lienka/lienka_tex.uasset" 1327
"C:/Users/palin/Documents/Unreal Projects/echoes-of-the-moon/Content/assets/characters/lienka/lienka_tex.uexp" 1328
"C:/Users/palin/Documents/Unreal Projects/echoes-of-the-moon/Content/assets/characters/lienka/lienka_alfa2.ubulk" 1329
"C:/Users/palin/Documents/Unreal Projects/echoes-of-the-moon/Content/assets/characters/lienka/lienka_alfa2.uasset" 1330
"C:/Users/palin/Documents/Unreal Projects/echoes-of-the-moon/Content/assets/characters/lienka/lienka_alfa2.uexp" 1331
"C:/Users/palin/Documents/Unreal Projects/echoes-of-the-moon/Content/assets/characters/lienka/M_lienka.uasset" 1332
"C:/Users/palin/Documents/Unreal Projects/echoes-of-the-moon/Content/assets/characters/lienka/M_lienka.uexp" 1333
"C:/Users/palin/Documents/Unreal Projects/echoes-of-the-moon/Content/images/ladybug.ubulk" 1334
"C:/Users/palin/Documents/Unreal Projects/echoes-of-the-moon/Content/images/ladybug.uasset" 1335
"C:/Users/palin/Documents/Unreal Projects/echoes-of-the-moon/Content/images/ladybug.uexp" 1336
"C:/Users/palin/Documents/Unreal Projects/echoes-of-the-moon/Content/images/ladybug_Sprite.uasset" 1337
"C:/Users/palin/Documents/Unreal Projects/echoes-of-the-moon/Content/images/ladybug_Sprite.uexp" 1338
"C:/Users/palin/Documents/Unreal Projects/echoes-of-the-moon/Content/Blueprints/BP_EnemyAI.uasset" 1339
"C:/Users/palin/Documents/Unreal Projects/echoes-of-the-moon/Content/Blueprints/BP_EnemyAI.uexp" 1340
"C:/Users/palin/Documents/Unreal Projects/echoes-of-the-moon/Content/Inventory/Models/pumpkin.uasset" 1341
"C:/Users/palin/Documents/Unreal Projects/echoes-of-the-moon/Content/Inventory/Models/pumpkin.uexp" 1342
"C:/Users/palin/Documents/Unreal Projects/echoes-of-the-moon/Content/3D_LOW_POLY_FarmPack/Meshes/Animals/Birds/PHYS_Duck.uasset" 1343
"C:/Users/palin/Documents/Unreal Projects/echoes-of-the-moon/Content/3D_LOW_POLY_FarmPack/Meshes/Animals/Birds/PHYS_Duck.uexp" 1344
"C:/Users/palin/Documents/Unreal Projects/echoes-of-the-moon/Content/3D_LOW_POLY_FarmPack/Meshes/Animals/Birds/SKM_Duck_brown.uasset" 1345
"C:/Users/palin/Documents/Unreal Projects/echoes-of-the-moon/Content/3D_LOW_POLY_FarmPack/Meshes/Animals/Birds/SKM_Duck_brown.uexp" 1346
"C:/Users/palin/Documents/Unreal Projects/echoes-of-the-moon/Content/3D_LOW_POLY_FarmPack/Animations/Birds_animations/Bird_Eating.uasset" 1347
"C:/Users/palin/Documents/Unreal Projects/echoes-of-the-moon/Content/3D_LOW_POLY_FarmPack/Animations/Birds_animations/Bird_Eating.uexp" 1348
"C:/Users/palin/Documents/Unreal Projects/echoes-of-the-moon/Content/Blueprints/NPC/ABP_Birds_Eat.uasset" 1349
"C:/Users/palin/Documents/Unreal Projects/echoes-of-the-moon/Content/Blueprints/NPC/ABP_Birds_Eat.uexp" 1350
"C:/Users/palin/Documents/Unreal Projects/echoes-of-the-moon/Content/Blueprints/NPC/BP_Duck2.uasset" 1351
"C:/Users/palin/Documents/Unreal Projects/echoes-of-the-moon/Content/Blueprints/NPC/BP_Duck2.uexp" 1352
"C:/Users/palin/Documents/Unreal Projects/echoes-of-the-moon/Content/assets/enviroment/road/road1.ubulk" 1353
"C:/Users/palin/Documents/Unreal Projects/echoes-of-the-moon/Content/assets/enviroment/road/road1.uasset" 1354
"C:/Users/palin/Documents/Unreal Projects/echoes-of-the-moon/Content/assets/enviroment/road/road1.uexp" 1355
"C:/Users/palin/Documents/Unreal Projects/echoes-of-the-moon/Content/assets/enviroment/road/Material_road_cream.uasset" 1356
"C:/Users/palin/Documents/Unreal Projects/echoes-of-the-moon/Content/assets/enviroment/road/Material_road_cream.uexp" 1357
"C:/Users/palin/Documents/Unreal Projects/echoes-of-the-moon/Content/assets/enviroment/road/road.ubulk" 1358
"C:/Users/palin/Documents/Unreal Projects/echoes-of-the-moon/Content/assets/enviroment/road/road.uasset" 1359
"C:/Users/palin/Documents/Unreal Projects/echoes-of-the-moon/Content/assets/enviroment/road/road.uexp" 1360
"../../../Engine/Content/Functions/Engine_MaterialFunctions02/SupportFiles/1x1x1_Box_Pivot_-XYZ.uasset" 1361
"../../../Engine/Content/Functions/Engine_MaterialFunctions02/SupportFiles/1x1x1_Box_Pivot_-XYZ.uexp" 1362
"C:/Users/palin/Documents/Unreal Projects/echoes-of-the-moon/Content/Blueprints/BP_Gate.uasset" 1363
"C:/Users/palin/Documents/Unreal Projects/echoes-of-the-moon/Content/Blueprints/BP_Gate.uexp" 1364
"C:/Users/palin/Documents/Unreal Projects/echoes-of-the-moon/Content/3D_LOW_POLY_FarmPack/Meshes/Animals/Birds/PHYS_Rooster.uasset" 1365
"C:/Users/palin/Documents/Unreal Projects/echoes-of-the-moon/Content/3D_LOW_POLY_FarmPack/Meshes/Animals/Birds/PHYS_Rooster.uexp" 1366
"C:/Users/palin/Documents/Unreal Projects/echoes-of-the-moon/Content/3D_LOW_POLY_FarmPack/Meshes/Animals/Birds/SKM_Rooster_brown.uasset" 1367
"C:/Users/palin/Documents/Unreal Projects/echoes-of-the-moon/Content/3D_LOW_POLY_FarmPack/Meshes/Animals/Birds/SKM_Rooster_brown.uexp" 1368
"C:/Users/palin/Documents/Unreal Projects/echoes-of-the-moon/Content/3D_LOW_POLY_FarmPack/Animations/Birds_animations/Bird_Idle_Variation.uasset" 1369
"C:/Users/palin/Documents/Unreal Projects/echoes-of-the-moon/Content/3D_LOW_POLY_FarmPack/Animations/Birds_animations/Bird_Idle_Variation.uexp" 1370
"C:/Users/palin/Documents/Unreal Projects/echoes-of-the-moon/Content/Blueprints/NPC/ABP_Birds_Idle.uasset" 1371
"C:/Users/palin/Documents/Unreal Projects/echoes-of-the-moon/Content/Blueprints/NPC/ABP_Birds_Idle.uexp" 1372
"C:/Users/palin/Documents/Unreal Projects/echoes-of-the-moon/Content/Blueprints/NPC/BP_Chicken.uasset" 1373
"C:/Users/palin/Documents/Unreal Projects/echoes-of-the-moon/Content/Blueprints/NPC/BP_Chicken.uexp" 1374
"C:/Users/palin/Documents/Unreal Projects/echoes-of-the-moon/Content/meshes/Material_001.uasset" 1375
"C:/Users/palin/Documents/Unreal Projects/echoes-of-the-moon/Content/meshes/Material_001.uexp" 1376
"C:/Users/palin/Documents/Unreal Projects/echoes-of-the-moon/Content/meshes/tree_smal.ubulk" 1377
"C:/Users/palin/Documents/Unreal Projects/echoes-of-the-moon/Content/meshes/tree_smal.uasset" 1378
"C:/Users/palin/Documents/Unreal Projects/echoes-of-the-moon/Content/meshes/tree_smal.uexp" 1379
"../../../Engine/Content/EngineMaterials/DefaultPhysicalMaterial.uasset" 1380
"../../../Engine/Content/EngineMaterials/DefaultPhysicalMaterial.uexp" 1381
"C:/Users/palin/Documents/Unreal Projects/echoes-of-the-moon/Content/3D_LOW_POLY_FarmPack/Meshes/Animals/Birds/SKM_Duck_white.uasset" 1382
"C:/Users/palin/Documents/Unreal Projects/echoes-of-the-moon/Content/3D_LOW_POLY_FarmPack/Meshes/Animals/Birds/SKM_Duck_white.uexp" 1383
"C:/Users/palin/Documents/Unreal Projects/echoes-of-the-moon/Content/Blueprints/NPC/BP_Duck1.uasset" 1384
"C:/Users/palin/Documents/Unreal Projects/echoes-of-the-moon/Content/Blueprints/NPC/BP_Duck1.uexp" 1385
"C:/Users/palin/Documents/Unreal Projects/echoes-of-the-moon/Content/ThirdPerson/Maps/MainVillage_sharedassets/brick_LayerInfo.uasset" 1386
"C:/Users/palin/Documents/Unreal Projects/echoes-of-the-moon/Content/ThirdPerson/Maps/MainVillage_sharedassets/brick_LayerInfo.uexp" 1387
"C:/Users/palin/Documents/Unreal Projects/echoes-of-the-moon/Content/3D_LOW_POLY_FarmPack/Meshes/Animals/Pig/SKEL_Pig.uasset" 1388
"C:/Users/palin/Documents/Unreal Projects/echoes-of-the-moon/Content/3D_LOW_POLY_FarmPack/Meshes/Animals/Pig/SKEL_Pig.uexp" 1389
"C:/Users/palin/Documents/Unreal Projects/echoes-of-the-moon/Content/3D_LOW_POLY_FarmPack/Animations/Pigs_animations/Pig_Idle_Variation.uasset" 1390
"C:/Users/palin/Documents/Unreal Projects/echoes-of-the-moon/Content/3D_LOW_POLY_FarmPack/Animations/Pigs_animations/Pig_Idle_Variation.uexp" 1391
"C:/Users/palin/Documents/Unreal Projects/echoes-of-the-moon/Content/Blueprints/NPC/ABP_Pig.uasset" 1392
"C:/Users/palin/Documents/Unreal Projects/echoes-of-the-moon/Content/Blueprints/NPC/ABP_Pig.uexp" 1393
"C:/Users/palin/Documents/Unreal Projects/echoes-of-the-moon/Content/ThirdPerson/Maps/MainVillage_sharedassets/Rock_LayerInfo.uasset" 1394
"C:/Users/palin/Documents/Unreal Projects/echoes-of-the-moon/Content/ThirdPerson/Maps/MainVillage_sharedassets/Rock_LayerInfo.uexp" 1395
"C:/Users/palin/Documents/Unreal Projects/echoes-of-the-moon/Content/Interaction_promt/BP_Gate.uasset" 1396
"C:/Users/palin/Documents/Unreal Projects/echoes-of-the-moon/Content/Interaction_promt/BP_Gate.uexp" 1397
"C:/Users/palin/Documents/Unreal Projects/echoes-of-the-moon/Content/3D_LOW_POLY_FarmPack/Meshes/Animals/Pig/PHYS_Pig.uasset" 1398
"C:/Users/palin/Documents/Unreal Projects/echoes-of-the-moon/Content/3D_LOW_POLY_FarmPack/Meshes/Animals/Pig/PHYS_Pig.uexp" 1399
"C:/Users/palin/Documents/Unreal Projects/echoes-of-the-moon/Content/3D_LOW_POLY_FarmPack/Meshes/Animals/Pig/SKM_Pig.uasset" 1400
"C:/Users/palin/Documents/Unreal Projects/echoes-of-the-moon/Content/3D_LOW_POLY_FarmPack/Meshes/Animals/Pig/SKM_Pig.uexp" 1401
"C:/Users/palin/Documents/Unreal Projects/echoes-of-the-moon/Content/Fantastic_Village_Pack/textures/T_food.ubulk" 1402
"C:/Users/palin/Documents/Unreal Projects/echoes-of-the-moon/Content/Fantastic_Village_Pack/textures/T_food.uasset" 1403
"C:/Users/palin/Documents/Unreal Projects/echoes-of-the-moon/Content/Fantastic_Village_Pack/textures/T_food.uexp" 1404
"C:/Users/palin/Documents/Unreal Projects/echoes-of-the-moon/Content/Fantastic_Village_Pack/textures/T_PROP_potplants.ubulk" 1405
"C:/Users/palin/Documents/Unreal Projects/echoes-of-the-moon/Content/Fantastic_Village_Pack/textures/T_PROP_potplants.uasset" 1406
"C:/Users/palin/Documents/Unreal Projects/echoes-of-the-moon/Content/Fantastic_Village_Pack/textures/T_PROP_potplants.uexp" 1407
"C:/Users/palin/Documents/Unreal Projects/echoes-of-the-moon/Content/Fantastic_Village_Pack/materials/master_materials/M_Master_transparent.uasset" 1408
"C:/Users/palin/Documents/Unreal Projects/echoes-of-the-moon/Content/Fantastic_Village_Pack/materials/master_materials/M_Master_transparent.uexp" 1409
"C:/Users/palin/Documents/Unreal Projects/echoes-of-the-moon/Content/Inventory/Models/MI_Pumpkin.uasset" 1410
"C:/Users/palin/Documents/Unreal Projects/echoes-of-the-moon/Content/Inventory/Models/MI_Pumpkin.uexp" 1411
"C:/Users/palin/Documents/Unreal Projects/echoes-of-the-moon/Content/Inventory/Models/SM_Pumpkin.ubulk" 1412
"C:/Users/palin/Documents/Unreal Projects/echoes-of-the-moon/Content/Inventory/Models/SM_Pumpkin.uasset" 1413
"C:/Users/palin/Documents/Unreal Projects/echoes-of-the-moon/Content/Inventory/Models/SM_Pumpkin.uexp" 1414
"C:/Users/palin/Documents/Unreal Projects/echoes-of-the-moon/Content/assets/enviroment/rastliny/rastliny2/rastliny_bigflowers.ubulk" 1415
"C:/Users/palin/Documents/Unreal Projects/echoes-of-the-moon/Content/assets/enviroment/rastliny/rastliny2/rastliny_bigflowers.uasset" 1416
"C:/Users/palin/Documents/Unreal Projects/echoes-of-the-moon/Content/assets/enviroment/rastliny/rastliny2/rastliny_bigflowers.uexp" 1417
"C:/Users/palin/Documents/Unreal Projects/echoes-of-the-moon/Content/Blueprints/NPC/BP_Duck.uasset" 1418
"C:/Users/palin/Documents/Unreal Projects/echoes-of-the-moon/Content/Blueprints/NPC/BP_Duck.uexp" 1419
"C:/Users/palin/Documents/Unreal Projects/echoes-of-the-moon/Content/meshes/Material_004.uasset" 1420
"C:/Users/palin/Documents/Unreal Projects/echoes-of-the-moon/Content/meshes/Material_004.uexp" 1421
"C:/Users/palin/Documents/Unreal Projects/echoes-of-the-moon/Content/meshes/shop__1_.ubulk" 1422
"C:/Users/palin/Documents/Unreal Projects/echoes-of-the-moon/Content/meshes/shop__1_.uasset" 1423
"C:/Users/palin/Documents/Unreal Projects/echoes-of-the-moon/Content/meshes/shop__1_.uexp" 1424
"C:/Users/palin/Documents/Unreal Projects/echoes-of-the-moon/Content/Blueprints/NPC/BP_Chicken1.uasset" 1425
"C:/Users/palin/Documents/Unreal Projects/echoes-of-the-moon/Content/Blueprints/NPC/BP_Chicken1.uexp" 1426
"C:/Users/palin/Documents/Unreal Projects/echoes-of-the-moon/Content/ThirdPerson/Maps/MainVillage_sharedassets/Grasss_LayerInfo.uasset" 1427
"C:/Users/palin/Documents/Unreal Projects/echoes-of-the-moon/Content/ThirdPerson/Maps/MainVillage_sharedassets/Grasss_LayerInfo.uexp" 1428
"C:/Users/palin/Documents/Unreal Projects/echoes-of-the-moon/Content/meshes/house_big__1_.ubulk" 1429
"C:/Users/palin/Documents/Unreal Projects/echoes-of-the-moon/Content/meshes/house_big__1_.uasset" 1430
"C:/Users/palin/Documents/Unreal Projects/echoes-of-the-moon/Content/meshes/house_big__1_.uexp" 1431
"C:/Users/palin/Documents/Unreal Projects/echoes-of-the-moon/Content/meshes/tree_big__1_.ubulk" 1432
"C:/Users/palin/Documents/Unreal Projects/echoes-of-the-moon/Content/meshes/tree_big__1_.uasset" 1433
"C:/Users/palin/Documents/Unreal Projects/echoes-of-the-moon/Content/meshes/tree_big__1_.uexp" 1434
"C:/Users/palin/Documents/Unreal Projects/echoes-of-the-moon/Content/ThirdPerson/Maps/MainVillage.uexp" 1435
"C:/Users/palin/Documents/Unreal Projects/echoes-of-the-moon/Content/ThirdPerson/Maps/MainVillage.ubulk" 1436
"C:/Users/palin/Documents/Unreal Projects/echoes-of-the-moon/Content/ThirdPerson/Maps/MainVillage.umap" 1437
"C:/Users/palin/Documents/Unreal Projects/echoes-of-the-moon/Content/UI/WB_OptionsMenu.uasset" 1438
"C:/Users/palin/Documents/Unreal Projects/echoes-of-the-moon/Content/UI/WB_OptionsMenu.uexp" 1439
"C:/Users/palin/Documents/Unreal Projects/echoes-of-the-moon/Content/UI/WB_Instructions.uasset" 1440
"C:/Users/palin/Documents/Unreal Projects/echoes-of-the-moon/Content/UI/WB_Instructions.uexp" 1441
"C:/Users/palin/Documents/Unreal Projects/echoes-of-the-moon/Content/UI/WB_MainMenu.uasset" 1442
"C:/Users/palin/Documents/Unreal Projects/echoes-of-the-moon/Content/UI/WB_MainMenu.uexp" 1443
"C:/Users/palin/Documents/Unreal Projects/echoes-of-the-moon/Content/UI/MainMenu.uasset" 1444
"C:/Users/palin/Documents/Unreal Projects/echoes-of-the-moon/Content/UI/MainMenu.uexp" 1445
"C:/Users/palin/Documents/Unreal Projects/echoes-of-the-moon/Content/StarterContent/Textures/T_Ground_Gravel_N.ubulk" 1446
"C:/Users/palin/Documents/Unreal Projects/echoes-of-the-moon/Content/StarterContent/Textures/T_Ground_Gravel_N.uasset" 1447
"C:/Users/palin/Documents/Unreal Projects/echoes-of-the-moon/Content/StarterContent/Textures/T_Ground_Gravel_N.uexp" 1448
"C:/Users/palin/Documents/Unreal Projects/echoes-of-the-moon/Content/StarterContent/Textures/T_Ground_Gravel_D.ubulk" 1449
"C:/Users/palin/Documents/Unreal Projects/echoes-of-the-moon/Content/StarterContent/Textures/T_Ground_Gravel_D.uasset" 1450
"C:/Users/palin/Documents/Unreal Projects/echoes-of-the-moon/Content/StarterContent/Textures/T_Ground_Gravel_D.uexp" 1451
"C:/Users/palin/Documents/Unreal Projects/echoes-of-the-moon/Content/StarterContent/Materials/M_Ground_Gravel.uasset" 1452
"C:/Users/palin/Documents/Unreal Projects/echoes-of-the-moon/Content/StarterContent/Materials/M_Ground_Gravel.uexp" 1453
"C:/Users/palin/Documents/Unreal Projects/echoes-of-the-moon/Content/ThirdPerson/Maps/MainMenu.uexp" 1454
"C:/Users/palin/Documents/Unreal Projects/echoes-of-the-moon/Content/ThirdPerson/Maps/MainMenu.ubulk" 1455
"C:/Users/palin/Documents/Unreal Projects/echoes-of-the-moon/Content/ThirdPerson/Maps/MainMenu.umap" 1456
"C:/Users/palin/Documents/Unreal Projects/echoes-of-the-moon/Content/Blueprints/BP_Gate_Village.uasset" 1457
"C:/Users/palin/Documents/Unreal Projects/echoes-of-the-moon/Content/Blueprints/BP_Gate_Village.uexp" 1458
"../../../Engine/Content/VREditor/Sounds/UI/Floating_UI_Open-002.ubulk" 1459
"../../../Engine/Content/VREditor/Sounds/UI/Floating_UI_Open-002.uasset" 1460
"../../../Engine/Content/VREditor/Sounds/UI/Floating_UI_Open-002.uexp" 1461
"C:/Users/palin/Documents/Unreal Projects/echoes-of-the-moon/Content/ThirdPerson/Blueprints/player_minimap.uasset" 1462
"C:/Users/palin/Documents/Unreal Projects/echoes-of-the-moon/Content/ThirdPerson/Blueprints/player_minimap.uexp" 1463
"C:/Users/palin/Documents/Unreal Projects/echoes-of-the-moon/Content/ThirdPerson/Blueprints/player_minimap_Sprite.uasset" 1464
"C:/Users/palin/Documents/Unreal Projects/echoes-of-the-moon/Content/ThirdPerson/Blueprints/player_minimap_Sprite.uexp" 1465
"../../../Engine/Plugins/Interchange/Runtime/Content/gltf/MaterialInstances/MI_Default_Opaque_DS.uasset" 1466
"../../../Engine/Plugins/Interchange/Runtime/Content/gltf/MaterialInstances/MI_Default_Opaque_DS.uexp" 1467
"C:/Users/palin/Documents/Unreal Projects/echoes-of-the-moon/Content/Fab/Tidal_Teal_Crystal___Oceanic_Fantasy_Gem___High_Poly_3D_Model/texture_pbr_v128_normal.ubulk" 1468
"C:/Users/palin/Documents/Unreal Projects/echoes-of-the-moon/Content/Fab/Tidal_Teal_Crystal___Oceanic_Fantasy_Gem___High_Poly_3D_Model/texture_pbr_v128_normal.uasset" 1469
"C:/Users/palin/Documents/Unreal Projects/echoes-of-the-moon/Content/Fab/Tidal_Teal_Crystal___Oceanic_Fantasy_Gem___High_Poly_3D_Model/texture_pbr_v128_normal.uexp" 1470
"C:/Users/palin/Documents/Unreal Projects/echoes-of-the-moon/Content/Fab/Tidal_Teal_Crystal___Oceanic_Fantasy_Gem___High_Poly_3D_Model/texture_pbr_v128_metallic-texture_pbr_v128_roughness.ubulk" 1471
"C:/Users/palin/Documents/Unreal Projects/echoes-of-the-moon/Content/Fab/Tidal_Teal_Crystal___Oceanic_Fantasy_Gem___High_Poly_3D_Model/texture_pbr_v128_metallic-texture_pbr_v128_roughness.uasset" 1472
"C:/Users/palin/Documents/Unreal Projects/echoes-of-the-moon/Content/Fab/Tidal_Teal_Crystal___Oceanic_Fantasy_Gem___High_Poly_3D_Model/texture_pbr_v128_metallic-texture_pbr_v128_roughness.uexp" 1473
"C:/Users/palin/Documents/Unreal Projects/echoes-of-the-moon/Content/Fab/Tidal_Teal_Crystal___Oceanic_Fantasy_Gem___High_Poly_3D_Model/texture_pbr_v128.ubulk" 1474
"C:/Users/palin/Documents/Unreal Projects/echoes-of-the-moon/Content/Fab/Tidal_Teal_Crystal___Oceanic_Fantasy_Gem___High_Poly_3D_Model/texture_pbr_v128.uasset" 1475
"C:/Users/palin/Documents/Unreal Projects/echoes-of-the-moon/Content/Fab/Tidal_Teal_Crystal___Oceanic_Fantasy_Gem___High_Poly_3D_Model/texture_pbr_v128.uexp" 1476
"C:/Users/palin/Documents/Unreal Projects/echoes-of-the-moon/Content/Fab/Tidal_Teal_Crystal___Oceanic_Fantasy_Gem___High_Poly_3D_Model/Material_001.uasset" 1477
"C:/Users/palin/Documents/Unreal Projects/echoes-of-the-moon/Content/Fab/Tidal_Teal_Crystal___Oceanic_Fantasy_Gem___High_Poly_3D_Model/Material_001.uexp" 1478
"C:/Users/palin/Documents/Unreal Projects/echoes-of-the-moon/Content/Fab/Tidal_Teal_Crystal___Oceanic_Fantasy_Gem___High_Poly_3D_Model/tidetealcrystal.ubulk" 1479
"C:/Users/palin/Documents/Unreal Projects/echoes-of-the-moon/Content/Fab/Tidal_Teal_Crystal___Oceanic_Fantasy_Gem___High_Poly_3D_Model/tidetealcrystal.uasset" 1480
"C:/Users/palin/Documents/Unreal Projects/echoes-of-the-moon/Content/Fab/Tidal_Teal_Crystal___Oceanic_Fantasy_Gem___High_Poly_3D_Model/tidetealcrystal.uexp" 1481
"C:/Users/palin/Documents/Unreal Projects/echoes-of-the-moon/Content/Blueprints/BP_Crystal.uasset" 1482
"C:/Users/palin/Documents/Unreal Projects/echoes-of-the-moon/Content/Blueprints/BP_Crystal.uexp" 1483
"C:/Users/palin/Documents/Unreal Projects/echoes-of-the-moon/Content/assets/enviroment/rastliny/rastliny2/rastliny_smallgrass.ubulk" 1484
"C:/Users/palin/Documents/Unreal Projects/echoes-of-the-moon/Content/assets/enviroment/rastliny/rastliny2/rastliny_smallgrass.uasset" 1485
"C:/Users/palin/Documents/Unreal Projects/echoes-of-the-moon/Content/assets/enviroment/rastliny/rastliny2/rastliny_smallgrass.uexp" 1486
"C:/Users/palin/Documents/Unreal Projects/echoes-of-the-moon/Content/Blueprints/BP_Gate_Altar.uasset" 1487
"C:/Users/palin/Documents/Unreal Projects/echoes-of-the-moon/Content/Blueprints/BP_Gate_Altar.uexp" 1488
"C:/Users/palin/Documents/Unreal Projects/echoes-of-the-moon/Content/Fantastic_Village_Pack/meshes/props/construction/SM_PROP_watchtower_wood_02_small.ubulk" 1489
"C:/Users/palin/Documents/Unreal Projects/echoes-of-the-moon/Content/Fantastic_Village_Pack/meshes/props/construction/SM_PROP_watchtower_wood_02_small.uasset" 1490
"C:/Users/palin/Documents/Unreal Projects/echoes-of-the-moon/Content/Fantastic_Village_Pack/meshes/props/construction/SM_PROP_watchtower_wood_02_small.uexp" 1491
"C:/Users/palin/Documents/Unreal Projects/echoes-of-the-moon/Content/Fantastic_Village_Pack/meshes/props/natural/SM_PROP_treetrunk_03.ubulk" 1492
"C:/Users/palin/Documents/Unreal Projects/echoes-of-the-moon/Content/Fantastic_Village_Pack/meshes/props/natural/SM_PROP_treetrunk_03.uasset" 1493
"C:/Users/palin/Documents/Unreal Projects/echoes-of-the-moon/Content/Fantastic_Village_Pack/meshes/props/natural/SM_PROP_treetrunk_03.uexp" 1494
"C:/Users/palin/Documents/Unreal Projects/echoes-of-the-moon/Content/Fantastic_Village_Pack/meshes/props/natural/SM_PROP_treetrunk_04.ubulk" 1495
"C:/Users/palin/Documents/Unreal Projects/echoes-of-the-moon/Content/Fantastic_Village_Pack/meshes/props/natural/SM_PROP_treetrunk_04.uasset" 1496
"C:/Users/palin/Documents/Unreal Projects/echoes-of-the-moon/Content/Fantastic_Village_Pack/meshes/props/natural/SM_PROP_treetrunk_04.uexp" 1497
"C:/Users/palin/Documents/Unreal Projects/echoes-of-the-moon/Content/ThirdPerson/Maps/Forest2.uexp" 1498
"C:/Users/palin/Documents/Unreal Projects/echoes-of-the-moon/Content/ThirdPerson/Maps/Forest2.umap" 1499
"C:/Users/palin/Documents/Unreal Projects/echoes-of-the-moon/Content/Blueprints/BP_ForestLevel2.uasset" 1500
"C:/Users/palin/Documents/Unreal Projects/echoes-of-the-moon/Content/Blueprints/BP_ForestLevel2.uexp" 1501
"C:/Users/palin/Documents/Unreal Projects/echoes-of-the-moon/Content/ThirdPerson/Maps/Forest1.uexp" 1502
"C:/Users/palin/Documents/Unreal Projects/echoes-of-the-moon/Content/ThirdPerson/Maps/Forest1.umap" 1503
